OUT port 0x00A0, size 1, value 0x00  # pic2_write/nmi_write
OUT port 0x03D8, size 1, value 0x00  # cga_out
OUT port 0x0083, size 1, value 0x00  # dma_page_write
OUT port 0x03B8, size 1, value 0x01  # unhandled
OUT port 0x0213, size 1, value 0x01  # unhandled
OUT port 0x0008, size 1, value 0x04  # dma_write
OUT port 0x0063, size 1, value 0x99
OUT port 0x0061, size 1, value 0xA1
OUT port 0x0020, size 1, value 0x13
OUT port 0x0021, size 1, value 0x08  # pic_write
OUT port 0x0021, size 1, value 0x09  # pic_write
OUT port 0x0021, size 1, value 0xFF  # pic_write
OUT port 0x0043, size 1, value 0x54  # pit_write
OUT port 0x0041, size 1, value 0x00  # pit_write
OUT port 0x0043, size 1, value 0x40  # pit_write
IN  port 0x0041, size 1, value 0xF3  # pit_read
OUT port 0x0043, size 1, value 0x40  # pit_write
IN  port 0x0041, size 1, value 0xDB  # pit_read
OUT port 0x0043, size 1, value 0x40  # pit_write
IN  port 0x0041, size 1, value 0xC2  # pit_read
OUT port 0x0043, size 1, value 0x40  # pit_write
IN  port 0x0041, size 1, value 0xAA  # pit_read
OUT port 0x0043, size 1, value 0x40
IN  port 0x0041, size 1, value 0x91
OUT port 0x0043, size 1, value 0x40
IN  port 0x0041, size 1, value 0x79
OUT port 0x0043, size 1, value 0x40
IN  port 0x0041, size 1, value 0x60
OUT port 0x0043, size 1, value 0x40
IN  port 0x0041, size 1, value 0x48
OUT port 0x0043, size 1, value 0x40
IN  port 0x0041, size 1, value 0x2F
OUT port 0x0041, size 1, value 0x12
OUT port 0x0043, size 1, value 0x36
OUT port 0x0040, size 1, value 0x00
OUT port 0x0040, size 1, value 0x00
OUT port 0x000D, size 1, value 0x00
OUT port 0x0000, size 1, value 0xAA
OUT port 0x0000, size 1, value 0x55
IN  port 0x0000, size 1, value 0xAA
IN  port 0x0000, size 1, value 0x55
OUT port 0x0001, size 1, value 0xAA
OUT port 0x0001, size 1, value 0x55
IN  port 0x0001, size 1, value 0xAA
IN  port 0x0001, size 1, value 0x55
OUT port 0x0002, size 1, value 0xAA
OUT port 0x0002, size 1, value 0x55
IN  port 0x0002, size 1, value 0xAA
IN  port 0x0002, size 1, value 0x55
OUT port 0x0003, size 1, value 0xAA
OUT port 0x0003, size 1, value 0x55
IN  port 0x0003, size 1, value 0xAA
IN  port 0x0003, size 1, value 0x55
OUT port 0x0004, size 1, value 0xAA
OUT port 0x0004, size 1, value 0x55
IN  port 0x0004, size 1, value 0xAA
IN  port 0x0004, size 1, value 0x55
OUT port 0x0005, size 1, value 0xAA
OUT port 0x0005, size 1, value 0x55
IN  port 0x0005, size 1, value 0xAA
IN  port 0x0005, size 1, value 0x55
OUT port 0x0006, size 1, value 0xAA
OUT port 0x0006, size 1, value 0x55
IN  port 0x0006, size 1, value 0xAA
IN  port 0x0006, size 1, value 0x55
OUT port 0x0007, size 1, value 0xAA
OUT port 0x0007, size 1, value 0x55
IN  port 0x0007, size 1, value 0xAA
IN  port 0x0007, size 1, value 0x55
OUT port 0x0001, size 1, value 0xFF
OUT port 0x0001, size 1, value 0xFF
OUT port 0x000B, size 1, value 0x58
OUT port 0x0008, size 1, value 0x00
OUT port 0x000A, size 1, value 0x00
OUT port 0x000B, size 1, value 0x41
OUT port 0x000B, size 1, value 0x42
OUT port 0x000B, size 1, value 0x43
IN  port 0x0061, size 1, value 0xA1
OUT port 0x0061, size 1, value 0xB1
OUT port 0x0061, size 1, value 0x81
IN  port 0x0062, size 1, value 0x2D
IN  port 0x0062, size 1, value 0x2D
IN  port 0x0062, size 1, value 0x2D
OUT port 0x03B8, size 1, value 0x01
OUT port 0x03B4, size 1, value 0x00
OUT port 0x03B5, size 1, value 0x61
OUT port 0x03B4, size 1, value 0x01
OUT port 0x03B5, size 1, value 0x50
OUT port 0x03B4, size 1, value 0x02
OUT port 0x03B5, size 1, value 0x52
OUT port 0x03B4, size 1, value 0x03
OUT port 0x03B5, size 1, value 0x0F
OUT port 0x03B4, size 1, value 0x04
OUT port 0x03B5, size 1, value 0x19
OUT port 0x03B4, size 1, value 0x05
OUT port 0x03B5, size 1, value 0x06
OUT port 0x03B4, size 1, value 0x06
OUT port 0x03B5, size 1, value 0x19
OUT port 0x03B4, size 1, value 0x07
OUT port 0x03B5, size 1, value 0x19
OUT port 0x03B4, size 1, value 0x08
OUT port 0x03B5, size 1, value 0x02
OUT port 0x03B4, size 1, value 0x09
OUT port 0x03B5, size 1, value 0x0D
OUT port 0x03B4, size 1, value 0x0A
OUT port 0x03B5, size 1, value 0x0B
OUT port 0x03B4, size 1, value 0x0B
OUT port 0x03B5, size 1, value 0x0C
OUT port 0x03B4, size 1, value 0x0C
OUT port 0x03B5, size 1, value 0x00
OUT port 0x03B4, size 1, value 0x0D
OUT port 0x03B5, size 1, value 0x00
OUT port 0x03B4, size 1, value 0x0E
OUT port 0x03B5, size 1, value 0x00
OUT port 0x03B4, size 1, value 0x0F
OUT port 0x03B5, size 1, value 0x00
OUT port 0x03B8, size 1, value 0x29
OUT port 0x03B9, size 1, value 0x30
OUT port 0x03D8, size 1, value 0x00
OUT port 0x03D4, size 1, value 0x00
OUT port 0x03D5, size 1, value 0x38
OUT port 0x03D4, size 1, value 0x01
OUT port 0x03D5, size 1, value 0x28
OUT port 0x03D4, size 1, value 0x02
OUT port 0x03D5, size 1, value 0x2D
OUT port 0x03D4, size 1, value 0x03
OUT port 0x03D5, size 1, value 0x0A
OUT port 0x03D4, size 1, value 0x04
OUT port 0x03D5, size 1, value 0x1F
OUT port 0x03D4, size 1, value 0x05
OUT port 0x03D5, size 1, value 0x06
OUT port 0x03D4, size 1, value 0x06
OUT port 0x03D5, size 1, value 0x19
OUT port 0x03D4, size 1, value 0x07
OUT port 0x03D5, size 1, value 0x1C
OUT port 0x03D4, size 1, value 0x08
OUT port 0x03D5, size 1, value 0x02
OUT port 0x03D4, size 1, value 0x09
OUT port 0x03D5, size 1, value 0x07
OUT port 0x03D4, size 1, value 0x0A
OUT port 0x03D5, size 1, value 0x06
OUT port 0x03D4, size 1, value 0x0B
OUT port 0x03D5, size 1, value 0x07
OUT port 0x03D4, size 1, value 0x0C
OUT port 0x03D5, size 1, value 0x00
OUT port 0x03D4, size 1, value 0x0D
OUT port 0x03D5, size 1, value 0x00
OUT port 0x03D4, size 1, value 0x0E
OUT port 0x03D5, size 1, value 0x00
OUT port 0x03D4, size 1, value 0x0F
OUT port 0x03D5, size 1, value 0x00
OUT port 0x03D8, size 1, value 0x28
OUT port 0x03D9, size 1, value 0x30
IN  port 0x0062, size 1, value 0x2D
OUT port 0x0061, size 1, value 0xA9
IN  port 0x0062, size 1, value 0x26
OUT port 0x03D8, size 1, value 0x00
OUT port 0x03D4, size 1, value 0x00
OUT port 0x03D5, size 1, value 0x71
OUT port 0x03D4, size 1, value 0x01
OUT port 0x03D5, size 1, value 0x50
OUT port 0x03D4, size 1, value 0x02
OUT port 0x03D5, size 1, value 0x5A
OUT port 0x03D4, size 1, value 0x03
OUT port 0x03D5, size 1, value 0x0A
OUT port 0x03D4, size 1, value 0x04
OUT port 0x03D5, size 1, value 0x1F
OUT port 0x03D4, size 1, value 0x05
OUT port 0x03D5, size 1, value 0x06
OUT port 0x03D4, size 1, value 0x06
OUT port 0x03D5, size 1, value 0x19
OUT port 0x03D4, size 1, value 0x07
OUT port 0x03D5, size 1, value 0x1C
OUT port 0x03D4, size 1, value 0x08
OUT port 0x03D5, size 1, value 0x02
OUT port 0x03D4, size 1, value 0x09
OUT port 0x03D5, size 1, value 0x07
OUT port 0x03D4, size 1, value 0x0A
OUT port 0x03D5, size 1, value 0x06
OUT port 0x03D4, size 1, value 0x0B
OUT port 0x03D5, size 1, value 0x07
OUT port 0x03D4, size 1, value 0x0C
OUT port 0x03D5, size 1, value 0x00
OUT port 0x03D4, size 1, value 0x0D
OUT port 0x03D5, size 1, value 0x00
OUT port 0x03D4, size 1, value 0x0E
OUT port 0x03D5, size 1, value 0x00
OUT port 0x03D4, size 1, value 0x0F
OUT port 0x03D5, size 1, value 0x00
OUT port 0x03D8, size 1, value 0x29
OUT port 0x03D9, size 1, value 0x30
OUT port 0x03D8, size 1, value 0x00
IN  port 0x0061, size 1, value 0xA9
OUT port 0x0061, size 1, value 0xB9
OUT port 0x0061, size 1, value 0x89
IN  port 0x0062, size 1, value 0x26
IN  port 0x0062, size 1, value 0x26
IN  port 0x0062, size 1, value 0x26
OUT port 0x03D8, size 1, value 0x00
OUT port 0x03D4, size 1, value 0x00
OUT port 0x03D5, size 1, value 0x71
OUT port 0x03D4, size 1, value 0x01
OUT port 0x03D5, size 1, value 0x50
OUT port 0x03D4, size 1, value 0x02
OUT port 0x03D5, size 1, value 0x5A
OUT port 0x03D4, size 1, value 0x03
OUT port 0x03D5, size 1, value 0x0A
OUT port 0x03D4, size 1, value 0x04
OUT port 0x03D5, size 1, value 0x1F
OUT port 0x03D4, size 1, value 0x05
OUT port 0x03D5, size 1, value 0x06
OUT port 0x03D4, size 1, value 0x06
OUT port 0x03D5, size 1, value 0x19
OUT port 0x03D4, size 1, value 0x07
OUT port 0x03D5, size 1, value 0x1C
OUT port 0x03D4, size 1, value 0x08
OUT port 0x03D5, size 1, value 0x02
OUT port 0x03D4, size 1, value 0x09
OUT port 0x03D5, size 1, value 0x07
OUT port 0x03D4, size 1, value 0x0A
OUT port 0x03D5, size 1, value 0x06
OUT port 0x03D4, size 1, value 0x0B
OUT port 0x03D5, size 1, value 0x07
OUT port 0x03D4, size 1, value 0x0C
OUT port 0x03D5, size 1, value 0x00
OUT port 0x03D4, size 1, value 0x0D
OUT port 0x03D5, size 1, value 0x00
OUT port 0x03D4, size 1, value 0x0E
OUT port 0x03D5, size 1, value 0x00
OUT port 0x03D4, size 1, value 0x0F
OUT port 0x03D5, size 1, value 0x00
OUT port 0x03D8, size 1, value 0x29
OUT port 0x03D9, size 1, value 0x30
IN  port 0x03DA, size 1, value 0x00
IN  port 0x03DA, size 1, value 0x00
IN  port 0x03DA, size 1, value 0x00
IN  port 0x03DA, size 1, value 0x00
IN  port 0x03DA, size 1, value 0x00
IN  port 0x03DA, size 1, value 0x00
IN  port 0x03DA, size 1, value 0x00
IN  port 0x03DA, size 1, value 0x00
IN  port 0x03DA, size 1, value 0x01
IN  port 0x03DA, size 1, value 0x01
IN  port 0x03DA, size 1, value 0x01
IN  port 0x03DA, size 1, value 0x01
IN  port 0x03DA, size 1, value 0x01
IN  port 0x03DA, size 1, value 0x00
IN  port 0x03DA, size 1, value 0x00
IN  port 0x03DA, size 1, value 0x00
IN  port 0x03DA, size 1, value 0x00
IN  port 0x03DA, size 1, value 0x00
IN  port 0x03DA, size 1, value 0x00
IN  port 0x03DA, size 1, value 0x00
IN  port 0x03DA, size 1, value 0x00
IN  port 0x03DA, size 1, value 0x00
IN  port 0x03DA, size 1, value 0x00
IN  port 0x03DA, size 1, value 0x00
IN  port 0x03DA, size 1, value 0x00
IN  port 0x03DA, size 1, value 0x01
IN  port 0x03DA, size 1, value 0x01
IN  port 0x03DA, size 1, value 0x01
IN  port 0x03DA, size 1, value 0x01
IN  port 0x03DA, size 1, value 0x01
IN  port 0x03DA, size 1, value 0x00
IN  port 0x03DA, size 1, value 0x00
IN  port 0x03DA, size 1, value 0x00
IN  port 0x03DA, size 1, value 0x00
IN  port 0x03DA, size 1, value 0x00
IN  port 0x03DA, size 1, value 0x00
IN  port 0x03DA, size 1, value 0x00
IN  port 0x03DA, size 1, value 0x00
IN  port 0x03DA, size 1, value 0x00
IN  port 0x03DA, size 1, value 0x00
IN  port 0x03DA, size 1, value 0x00
IN  port 0x03DA, size 1, value 0x00
IN  port 0x03DA, size 1, value 0x01
IN  port 0x03DA, size 1, value 0x01
IN  port 0x03DA, size 1, value 0x01
IN  port 0x03DA, size 1, value 0x01
IN  port 0x03DA, size 1, value 0x01
IN  port 0x03DA, size 1, value 0x00
IN  port 0x03DA, size 1, value 0x00
IN  port 0x03DA, size 1, value 0x00
IN  port 0x03DA, size 1, value 0x00
IN  port 0x03DA, size 1, value 0x00
IN  port 0x03DA, size 1, value 0x00
IN  port 0x03DA, size 1, value 0x00
IN  port 0x03DA, size 1, value 0x00
IN  port 0x03DA, size 1, value 0x00
IN  port 0x03DA, size 1, value 0x00
IN  port 0x03DA, size 1, value 0x00
IN  port 0x03DA, size 1, value 0x00
IN  port 0x03DA, size 1, value 0x01
IN  port 0x03DA, size 1, value 0x01
IN  port 0x03DA, size 1, value 0x01
IN  port 0x03DA, size 1, value 0x01
IN  port 0x03DA, size 1, value 0x01
IN  port 0x03DA, size 1, value 0x00
IN  port 0x03DA, size 1, value 0x00
IN  port 0x03DA, size 1, value 0x00
IN  port 0x03DA, size 1, value 0x00
IN  port 0x03DA, size 1, value 0x00
IN  port 0x03DA, size 1, value 0x00
IN  port 0x03DA, size 1, value 0x00
IN  port 0x03DA, size 1, value 0x00
IN  port 0x03DA, size 1, value 0x00
IN  port 0x03DA, size 1, value 0x00
IN  port 0x03DA, size 1, value 0x00
IN  port 0x03DA, size 1, value 0x00
IN  port 0x03DA, size 1, value 0x01
IN  port 0x03DA, size 1, value 0x01
IN  port 0x03DA, size 1, value 0x01
IN  port 0x03DA, size 1, value 0x01
IN  port 0x03DA, size 1, value 0x01
IN  port 0x03DA, size 1, value 0x00
IN  port 0x03DA, size 1, value 0x00
IN  port 0x03DA, size 1, value 0x00
IN  port 0x03DA, size 1, value 0x00
IN  port 0x03DA, size 1, value 0x00
IN  port 0x03DA, size 1, value 0x00
IN  port 0x03DA, size 1, value 0x00
IN  port 0x03DA, size 1, value 0x00
IN  port 0x03DA, size 1, value 0x00
IN  port 0x03DA, size 1, value 0x00
IN  port 0x03DA, size 1, value 0x00
IN  port 0x03DA, size 1, value 0x00
IN  port 0x03DA, size 1, value 0x01
IN  port 0x03DA, size 1, value 0x01
IN  port 0x03DA, size 1, value 0x01
IN  port 0x03DA, size 1, value 0x01
IN  port 0x03DA, size 1, value 0x01
IN  port 0x03DA, size 1, value 0x00
IN  port 0x03DA, size 1, value 0x00
IN  port 0x03DA, size 1, value 0x00
IN  port 0x03DA, size 1, value 0x00
IN  port 0x03DA, size 1, value 0x00
IN  port 0x03DA, size 1, value 0x00
IN  port 0x03DA, size 1, value 0x00
IN  port 0x03DA, size 1, value 0x00
IN  port 0x03DA, size 1, value 0x00
IN  port 0x03DA, size 1, value 0x00
IN  port 0x03DA, size 1, value 0x00
IN  port 0x03DA, size 1, value 0x01
IN  port 0x03DA, size 1, value 0x01
IN  port 0x03DA, size 1, value 0x01
IN  port 0x03DA, size 1, value 0x01
IN  port 0x03DA, size 1, value 0x01
IN  port 0x03DA, size 1, value 0x00
IN  port 0x03DA, size 1, value 0x00
IN  port 0x03DA, size 1, value 0x00
IN  port 0x03DA, size 1, value 0x00
IN  port 0x03DA, size 1, value 0x00
IN  port 0x03DA, size 1, value 0x00
IN  port 0x03DA, size 1, value 0x00
IN  port 0x03DA, size 1, value 0x00
IN  port 0x03DA, size 1, value 0x00
IN  port 0x03DA, size 1, value 0x00
IN  port 0x03DA, size 1, value 0x00
IN  port 0x03DA, size 1, value 0x00
IN  port 0x03DA, size 1, value 0x01
IN  port 0x03DA, size 1, value 0x01
IN  port 0x03DA, size 1, value 0x01
IN  port 0x03DA, size 1, value 0x01
IN  port 0x03DA, size 1, value 0x01
IN  port 0x03DA, size 1, value 0x00
IN  port 0x03DA, size 1, value 0x00
IN  port 0x03DA, size 1, value 0x00
IN  port 0x03DA, size 1, value 0x00
IN  port 0x03DA, size 1, value 0x00
IN  port 0x03DA, size 1, value 0x00
IN  port 0x03DA, size 1, value 0x00
IN  port 0x03DA, size 1, value 0x00
IN  port 0x03DA, size 1, value 0x00
IN  port 0x03DA, size 1, value 0x00
IN  port 0x03DA, size 1, value 0x00
IN  port 0x03DA, size 1, value 0x00
IN  port 0x03DA, size 1, value 0x01
IN  port 0x03DA, size 1, value 0x01
IN  port 0x03DA, size 1, value 0x01
IN  port 0x03DA, size 1, value 0x01
IN  port 0x03DA, size 1, value 0x01
IN  port 0x03DA, size 1, value 0x00
IN  port 0x03DA, size 1, value 0x00
IN  port 0x03DA, size 1, value 0x00
IN  port 0x03DA, size 1, value 0x00
IN  port 0x03DA, size 1, value 0x00
IN  port 0x03DA, size 1, value 0x00
IN  port 0x03DA, size 1, value 0x00
IN  port 0x03DA, size 1, value 0x00
IN  port 0x03DA, size 1, value 0x00
IN  port 0x03DA, size 1, value 0x00
IN  port 0x03DA, size 1, value 0x00
IN  port 0x03DA, size 1, value 0x00
IN  port 0x03DA, size 1, value 0x01
IN  port 0x03DA, size 1, value 0x01
IN  port 0x03DA, size 1, value 0x01
IN  port 0x03DA, size 1, value 0x01
IN  port 0x03DA, size 1, value 0x01
IN  port 0x03DA, size 1, value 0x00
IN  port 0x03DA, size 1, value 0x00
IN  port 0x03DA, size 1, value 0x00
IN  port 0x03DA, size 1, value 0x00
IN  port 0x03DA, size 1, value 0x00
IN  port 0x03DA, size 1, value 0x00
IN  port 0x03DA, size 1, value 0x00
IN  port 0x03DA, size 1, value 0x00
IN  port 0x03DA, size 1, value 0x00
IN  port 0x03DA, size 1, value 0x00
IN  port 0x03DA, size 1, value 0x00
IN  port 0x03DA, size 1, value 0x00
IN  port 0x03DA, size 1, value 0x01
IN  port 0x03DA, size 1, value 0x01
IN  port 0x03DA, size 1, value 0x01
IN  port 0x03DA, size 1, value 0x01
IN  port 0x03DA, size 1, value 0x01
IN  port 0x03DA, size 1, value 0x00
IN  port 0x03DA, size 1, value 0x00
IN  port 0x03DA, size 1, value 0x00
IN  port 0x03DA, size 1, value 0x00
IN  port 0x03DA, size 1, value 0x00
IN  port 0x03DA, size 1, value 0x00
IN  port 0x03DA, size 1, value 0x00
IN  port 0x03DA, size 1, value 0x00
IN  port 0x03DA, size 1, value 0x00
IN  port 0x03DA, size 1, value 0x00
IN  port 0x03DA, size 1, value 0x00
IN  port 0x03DA, size 1, value 0x00
IN  port 0x03DA, size 1, value 0x01
IN  port 0x03DA, size 1, value 0x01
IN  port 0x03DA, size 1, value 0x01
IN  port 0x03DA, size 1, value 0x01
IN  port 0x03DA, size 1, value 0x01
IN  port 0x03DA, size 1, value 0x00
IN  port 0x03DA, size 1, value 0x00
IN  port 0x03DA, size 1, value 0x00
IN  port 0x03DA, size 1, value 0x00
IN  port 0x03DA, size 1, value 0x00
IN  port 0x03DA, size 1, value 0x00
IN  port 0x03DA, size 1, value 0x00
IN  port 0x03DA, size 1, value 0x00
IN  port 0x03DA, size 1, value 0x00
IN  port 0x03DA, size 1, value 0x00
IN  port 0x03DA, size 1, value 0x00
IN  port 0x03DA, size 1, value 0x00
IN  port 0x03DA, size 1, value 0x01
IN  port 0x03DA, size 1, value 0x01
IN  port 0x03DA, size 1, value 0x01
IN  port 0x03DA, size 1, value 0x01
IN  port 0x03DA, size 1, value 0x01
IN  port 0x03DA, size 1, value 0x00
IN  port 0x03DA, size 1, value 0x00
IN  port 0x03DA, size 1, value 0x00
IN  port 0x03DA, size 1, value 0x00
IN  port 0x03DA, size 1, value 0x00
IN  port 0x03DA, size 1, value 0x00
IN  port 0x03DA, size 1, value 0x00
IN  port 0x03DA, size 1, value 0x00
IN  port 0x03DA, size 1, value 0x00
IN  port 0x03DA, size 1, value 0x00
IN  port 0x03DA, size 1, value 0x00
IN  port 0x03DA, size 1, value 0x00
IN  port 0x03DA, size 1, value 0x01
IN  port 0x03DA, size 1, value 0x01
IN  port 0x03DA, size 1, value 0x01
IN  port 0x03DA, size 1, value 0x01
IN  port 0x03DA, size 1, value 0x01
IN  port 0x03DA, size 1, value 0x00
IN  port 0x03DA, size 1, value 0x00
IN  port 0x03DA, size 1, value 0x00
IN  port 0x03DA, size 1, value 0x00
IN  port 0x03DA, size 1, value 0x00
IN  port 0x03DA, size 1, value 0x00
IN  port 0x03DA, size 1, value 0x00
IN  port 0x03DA, size 1, value 0x00
IN  port 0x03DA, size 1, value 0x00
IN  port 0x03DA, size 1, value 0x00
IN  port 0x03DA, size 1, value 0x00
IN  port 0x03DA, size 1, value 0x00
IN  port 0x03DA, size 1, value 0x01
IN  port 0x03DA, size 1, value 0x01
IN  port 0x03DA, size 1, value 0x01
IN  port 0x03DA, size 1, value 0x01
IN  port 0x03DA, size 1, value 0x01
IN  port 0x03DA, size 1, value 0x00
IN  port 0x03DA, size 1, value 0x00
IN  port 0x03DA, size 1, value 0x00
IN  port 0x03DA, size 1, value 0x00
IN  port 0x03DA, size 1, value 0x00
IN  port 0x03DA, size 1, value 0x00
IN  port 0x03DA, size 1, value 0x00
IN  port 0x03DA, size 1, value 0x00
IN  port 0x03DA, size 1, value 0x00
IN  port 0x03DA, size 1, value 0x00
IN  port 0x03DA, size 1, value 0x00
IN  port 0x03DA, size 1, value 0x01
IN  port 0x03DA, size 1, value 0x01
IN  port 0x03DA, size 1, value 0x01
IN  port 0x03DA, size 1, value 0x01
IN  port 0x03DA, size 1, value 0x01
IN  port 0x03DA, size 1, value 0x00
IN  port 0x03DA, size 1, value 0x00
IN  port 0x03DA, size 1, value 0x00
IN  port 0x03DA, size 1, value 0x00
IN  port 0x03DA, size 1, value 0x00
IN  port 0x03DA, size 1, value 0x00
IN  port 0x03DA, size 1, value 0x00
IN  port 0x03DA, size 1, value 0x00
IN  port 0x03DA, size 1, value 0x00
IN  port 0x03DA, size 1, value 0x00
IN  port 0x03DA, size 1, value 0x00
IN  port 0x03DA, size 1, value 0x00
IN  port 0x03DA, size 1, value 0x01
IN  port 0x03DA, size 1, value 0x01
IN  port 0x03DA, size 1, value 0x01
IN  port 0x03DA, size 1, value 0x01
IN  port 0x03DA, size 1, value 0x01
IN  port 0x03DA, size 1, value 0x00
IN  port 0x03DA, size 1, value 0x00
IN  port 0x03DA, size 1, value 0x00
IN  port 0x03DA, size 1, value 0x00
IN  port 0x03DA, size 1, value 0x00
IN  port 0x03DA, size 1, value 0x00
IN  port 0x03DA, size 1, value 0x00
IN  port 0x03DA, size 1, value 0x00
IN  port 0x03DA, size 1, value 0x00
IN  port 0x03DA, size 1, value 0x00
IN  port 0x03DA, size 1, value 0x00
IN  port 0x03DA, size 1, value 0x00
IN  port 0x03DA, size 1, value 0x01
IN  port 0x03DA, size 1, value 0x01
IN  port 0x03DA, size 1, value 0x01
IN  port 0x03DA, size 1, value 0x01
IN  port 0x03DA, size 1, value 0x01
IN  port 0x03DA, size 1, value 0x00
IN  port 0x03DA, size 1, value 0x00
IN  port 0x03DA, size 1, value 0x00
IN  port 0x03DA, size 1, value 0x00
IN  port 0x03DA, size 1, value 0x00
IN  port 0x03DA, size 1, value 0x00
IN  port 0x03DA, size 1, value 0x00
IN  port 0x03DA, size 1, value 0x00
IN  port 0x03DA, size 1, value 0x00
IN  port 0x03DA, size 1, value 0x00
IN  port 0x03DA, size 1, value 0x00
IN  port 0x03DA, size 1, value 0x00
IN  port 0x03DA, size 1, value 0x01
IN  port 0x03DA, size 1, value 0x01
IN  port 0x03DA, size 1, value 0x01
IN  port 0x03DA, size 1, value 0x01
IN  port 0x03DA, size 1, value 0x01
IN  port 0x03DA, size 1, value 0x00
IN  port 0x03DA, size 1, value 0x00
IN  port 0x03DA, size 1, value 0x00
IN  port 0x03DA, size 1, value 0x00
IN  port 0x03DA, size 1, value 0x00
IN  port 0x03DA, size 1, value 0x00
IN  port 0x03DA, size 1, value 0x00
IN  port 0x03DA, size 1, value 0x00
IN  port 0x03DA, size 1, value 0x00
IN  port 0x03DA, size 1, value 0x00
IN  port 0x03DA, size 1, value 0x00
IN  port 0x03DA, size 1, value 0x00
IN  port 0x03DA, size 1, value 0x01
IN  port 0x03DA, size 1, value 0x01
IN  port 0x03DA, size 1, value 0x01
IN  port 0x03DA, size 1, value 0x01
IN  port 0x03DA, size 1, value 0x01
IN  port 0x03DA, size 1, value 0x00
IN  port 0x03DA, size 1, value 0x00
IN  port 0x03DA, size 1, value 0x00
IN  port 0x03DA, size 1, value 0x00
IN  port 0x03DA, size 1, value 0x00
IN  port 0x03DA, size 1, value 0x00
IN  port 0x03DA, size 1, value 0x00
IN  port 0x03DA, size 1, value 0x00
IN  port 0x03DA, size 1, value 0x00
IN  port 0x03DA, size 1, value 0x00
IN  port 0x03DA, size 1, value 0x00
IN  port 0x03DA, size 1, value 0x00
IN  port 0x03DA, size 1, value 0x01
IN  port 0x03DA, size 1, value 0x01
IN  port 0x03DA, size 1, value 0x01
IN  port 0x03DA, size 1, value 0x01
IN  port 0x03DA, size 1, value 0x01
IN  port 0x03DA, size 1, value 0x00
IN  port 0x03DA, size 1, value 0x00
IN  port 0x03DA, size 1, value 0x00
IN  port 0x03DA, size 1, value 0x00
IN  port 0x03DA, size 1, value 0x00
IN  port 0x03DA, size 1, value 0x00
IN  port 0x03DA, size 1, value 0x00
IN  port 0x03DA, size 1, value 0x00
IN  port 0x03DA, size 1, value 0x00
IN  port 0x03DA, size 1, value 0x00
IN  port 0x03DA, size 1, value 0x00
IN  port 0x03DA, size 1, value 0x00
IN  port 0x03DA, size 1, value 0x01
IN  port 0x03DA, size 1, value 0x01
IN  port 0x03DA, size 1, value 0x01
IN  port 0x03DA, size 1, value 0x01
IN  port 0x03DA, size 1, value 0x01
IN  port 0x03DA, size 1, value 0x00
IN  port 0x03DA, size 1, value 0x00
IN  port 0x03DA, size 1, value 0x00
IN  port 0x03DA, size 1, value 0x00
IN  port 0x03DA, size 1, value 0x00
IN  port 0x03DA, size 1, value 0x00
IN  port 0x03DA, size 1, value 0x00
IN  port 0x03DA, size 1, value 0x00
IN  port 0x03DA, size 1, value 0x00
IN  port 0x03DA, size 1, value 0x00
IN  port 0x03DA, size 1, value 0x00
IN  port 0x03DA, size 1, value 0x00
IN  port 0x03DA, size 1, value 0x01
IN  port 0x03DA, size 1, value 0x01
IN  port 0x03DA, size 1, value 0x01
IN  port 0x03DA, size 1, value 0x01
IN  port 0x03DA, size 1, value 0x01
IN  port 0x03DA, size 1, value 0x00
IN  port 0x03DA, size 1, value 0x00
IN  port 0x03DA, size 1, value 0x00
IN  port 0x03DA, size 1, value 0x00
IN  port 0x03DA, size 1, value 0x00
IN  port 0x03DA, size 1, value 0x00
IN  port 0x03DA, size 1, value 0x00
IN  port 0x03DA, size 1, value 0x00
IN  port 0x03DA, size 1, value 0x00
IN  port 0x03DA, size 1, value 0x00
IN  port 0x03DA, size 1, value 0x00
IN  port 0x03DA, size 1, value 0x00
IN  port 0x03DA, size 1, value 0x01
IN  port 0x03DA, size 1, value 0x01
IN  port 0x03DA, size 1, value 0x01
IN  port 0x03DA, size 1, value 0x01
IN  port 0x03DA, size 1, value 0x01
IN  port 0x03DA, size 1, value 0x00
IN  port 0x03DA, size 1, value 0x00
IN  port 0x03DA, size 1, value 0x00
IN  port 0x03DA, size 1, value 0x00
IN  port 0x03DA, size 1, value 0x00
IN  port 0x03DA, size 1, value 0x00
IN  port 0x03DA, size 1, value 0x00
IN  port 0x03DA, size 1, value 0x00
IN  port 0x03DA, size 1, value 0x00
IN  port 0x03DA, size 1, value 0x00
IN  port 0x03DA, size 1, value 0x00
IN  port 0x03DA, size 1, value 0x01
IN  port 0x03DA, size 1, value 0x01
IN  port 0x03DA, size 1, value 0x01
IN  port 0x03DA, size 1, value 0x01
IN  port 0x03DA, size 1, value 0x01
IN  port 0x03DA, size 1, value 0x00
IN  port 0x03DA, size 1, value 0x00
IN  port 0x03DA, size 1, value 0x00
IN  port 0x03DA, size 1, value 0x00
IN  port 0x03DA, size 1, value 0x00
IN  port 0x03DA, size 1, value 0x00
IN  port 0x03DA, size 1, value 0x00
IN  port 0x03DA, size 1, value 0x00
IN  port 0x03DA, size 1, value 0x00
IN  port 0x03DA, size 1, value 0x00
IN  port 0x03DA, size 1, value 0x00
IN  port 0x03DA, size 1, value 0x00
IN  port 0x03DA, size 1, value 0x01
IN  port 0x03DA, size 1, value 0x01
IN  port 0x03DA, size 1, value 0x01
IN  port 0x03DA, size 1, value 0x01
IN  port 0x03DA, size 1, value 0x01
IN  port 0x03DA, size 1, value 0x00
IN  port 0x03DA, size 1, value 0x00
IN  port 0x03DA, size 1, value 0x00
IN  port 0x03DA, size 1, value 0x00
IN  port 0x03DA, size 1, value 0x00
IN  port 0x03DA, size 1, value 0x00
IN  port 0x03DA, size 1, value 0x00
IN  port 0x03DA, size 1, value 0x00
IN  port 0x03DA, size 1, value 0x00
IN  port 0x03DA, size 1, value 0x00
IN  port 0x03DA, size 1, value 0x00
IN  port 0x03DA, size 1, value 0x00
IN  port 0x03DA, size 1, value 0x01
IN  port 0x03DA, size 1, value 0x01
IN  port 0x03DA, size 1, value 0x01
IN  port 0x03DA, size 1, value 0x01
IN  port 0x03DA, size 1, value 0x01
IN  port 0x03DA, size 1, value 0x00
IN  port 0x03DA, size 1, value 0x00
IN  port 0x03DA, size 1, value 0x00
IN  port 0x03DA, size 1, value 0x00
IN  port 0x03DA, size 1, value 0x00
IN  port 0x03DA, size 1, value 0x00
IN  port 0x03DA, size 1, value 0x00
IN  port 0x03DA, size 1, value 0x00
IN  port 0x03DA, size 1, value 0x00
IN  port 0x03DA, size 1, value 0x00
IN  port 0x03DA, size 1, value 0x00
IN  port 0x03DA, size 1, value 0x00
IN  port 0x03DA, size 1, value 0x01
IN  port 0x03DA, size 1, value 0x01
IN  port 0x03DA, size 1, value 0x01
IN  port 0x03DA, size 1, value 0x01
IN  port 0x03DA, size 1, value 0x01
IN  port 0x03DA, size 1, value 0x00
IN  port 0x03DA, size 1, value 0x00
IN  port 0x03DA, size 1, value 0x00
IN  port 0x03DA, size 1, value 0x00
IN  port 0x03DA, size 1, value 0x00
IN  port 0x03DA, size 1, value 0x00
IN  port 0x03DA, size 1, value 0x00
IN  port 0x03DA, size 1, value 0x00
IN  port 0x03DA, size 1, value 0x00
IN  port 0x03DA, size 1, value 0x00
IN  port 0x03DA, size 1, value 0x00
IN  port 0x03DA, size 1, value 0x00
IN  port 0x03DA, size 1, value 0x01
IN  port 0x03DA, size 1, value 0x01
IN  port 0x03DA, size 1, value 0x01
IN  port 0x03DA, size 1, value 0x01
IN  port 0x03DA, size 1, value 0x01
IN  port 0x03DA, size 1, value 0x00
IN  port 0x03DA, size 1, value 0x00
IN  port 0x03DA, size 1, value 0x00
IN  port 0x03DA, size 1, value 0x00
IN  port 0x03DA, size 1, value 0x00
IN  port 0x03DA, size 1, value 0x00
IN  port 0x03DA, size 1, value 0x00
IN  port 0x03DA, size 1, value 0x00
IN  port 0x03DA, size 1, value 0x00
IN  port 0x03DA, size 1, value 0x00
IN  port 0x03DA, size 1, value 0x00
IN  port 0x03DA, size 1, value 0x00
IN  port 0x03DA, size 1, value 0x01
IN  port 0x03DA, size 1, value 0x01
IN  port 0x03DA, size 1, value 0x01
IN  port 0x03DA, size 1, value 0x01
IN  port 0x03DA, size 1, value 0x01
IN  port 0x03DA, size 1, value 0x00
IN  port 0x03DA, size 1, value 0x00
IN  port 0x03DA, size 1, value 0x00
IN  port 0x03DA, size 1, value 0x00
IN  port 0x03DA, size 1, value 0x00
IN  port 0x03DA, size 1, value 0x00
IN  port 0x03DA, size 1, value 0x00
IN  port 0x03DA, size 1, value 0x00
IN  port 0x03DA, size 1, value 0x00
IN  port 0x03DA, size 1, value 0x00
IN  port 0x03DA, size 1, value 0x00
IN  port 0x03DA, size 1, value 0x00
IN  port 0x03DA, size 1, value 0x01
IN  port 0x03DA, size 1, value 0x01
IN  port 0x03DA, size 1, value 0x01
IN  port 0x03DA, size 1, value 0x01
IN  port 0x03DA, size 1, value 0x01
IN  port 0x03DA, size 1, value 0x00
IN  port 0x03DA, size 1, value 0x00
IN  port 0x03DA, size 1, value 0x00
IN  port 0x03DA, size 1, value 0x00
IN  port 0x03DA, size 1, value 0x00
IN  port 0x03DA, size 1, value 0x00
IN  port 0x03DA, size 1, value 0x00
IN  port 0x03DA, size 1, value 0x00
IN  port 0x03DA, size 1, value 0x00
IN  port 0x03DA, size 1, value 0x00
IN  port 0x03DA, size 1, value 0x00
IN  port 0x03DA, size 1, value 0x00
IN  port 0x03DA, size 1, value 0x01
IN  port 0x03DA, size 1, value 0x01
IN  port 0x03DA, size 1, value 0x01
IN  port 0x03DA, size 1, value 0x01
IN  port 0x03DA, size 1, value 0x01
IN  port 0x03DA, size 1, value 0x00
IN  port 0x03DA, size 1, value 0x00
IN  port 0x03DA, size 1, value 0x00
IN  port 0x03DA, size 1, value 0x00
IN  port 0x03DA, size 1, value 0x00
IN  port 0x03DA, size 1, value 0x00
IN  port 0x03DA, size 1, value 0x00
IN  port 0x03DA, size 1, value 0x00
IN  port 0x03DA, size 1, value 0x00
IN  port 0x03DA, size 1, value 0x00
IN  port 0x03DA, size 1, value 0x00
IN  port 0x03DA, size 1, value 0x00
IN  port 0x03DA, size 1, value 0x01
IN  port 0x03DA, size 1, value 0x01
IN  port 0x03DA, size 1, value 0x01
IN  port 0x03DA, size 1, value 0x01
IN  port 0x03DA, size 1, value 0x01
IN  port 0x03DA, size 1, value 0x00
IN  port 0x03DA, size 1, value 0x00
IN  port 0x03DA, size 1, value 0x00
IN  port 0x03DA, size 1, value 0x00
IN  port 0x03DA, size 1, value 0x00
IN  port 0x03DA, size 1, value 0x00
IN  port 0x03DA, size 1, value 0x00
IN  port 0x03DA, size 1, value 0x00
IN  port 0x03DA, size 1, value 0x00
IN  port 0x03DA, size 1, value 0x00
IN  port 0x03DA, size 1, value 0x00
IN  port 0x03DA, size 1, value 0x01
IN  port 0x03DA, size 1, value 0x01
IN  port 0x03DA, size 1, value 0x01
IN  port 0x03DA, size 1, value 0x01
IN  port 0x03DA, size 1, value 0x01
IN  port 0x03DA, size 1, value 0x00
IN  port 0x03DA, size 1, value 0x00
IN  port 0x03DA, size 1, value 0x00
IN  port 0x03DA, size 1, value 0x00
IN  port 0x03DA, size 1, value 0x00
IN  port 0x03DA, size 1, value 0x00
IN  port 0x03DA, size 1, value 0x00
IN  port 0x03DA, size 1, value 0x00
IN  port 0x03DA, size 1, value 0x00
IN  port 0x03DA, size 1, value 0x00
IN  port 0x03DA, size 1, value 0x00
IN  port 0x03DA, size 1, value 0x00
IN  port 0x03DA, size 1, value 0x01
IN  port 0x03DA, size 1, value 0x01
IN  port 0x03DA, size 1, value 0x01
IN  port 0x03DA, size 1, value 0x01
IN  port 0x03DA, size 1, value 0x01
IN  port 0x03DA, size 1, value 0x00
IN  port 0x03DA, size 1, value 0x00
IN  port 0x03DA, size 1, value 0x00
IN  port 0x03DA, size 1, value 0x00
IN  port 0x03DA, size 1, value 0x00
IN  port 0x03DA, size 1, value 0x00
IN  port 0x03DA, size 1, value 0x00
IN  port 0x03DA, size 1, value 0x00
IN  port 0x03DA, size 1, value 0x00
IN  port 0x03DA, size 1, value 0x00
IN  port 0x03DA, size 1, value 0x00
IN  port 0x03DA, size 1, value 0x00
IN  port 0x03DA, size 1, value 0x01
IN  port 0x03DA, size 1, value 0x01
IN  port 0x03DA, size 1, value 0x01
IN  port 0x03DA, size 1, value 0x01
IN  port 0x03DA, size 1, value 0x01
IN  port 0x03DA, size 1, value 0x00
IN  port 0x03DA, size 1, value 0x00
IN  port 0x03DA, size 1, value 0x00
IN  port 0x03DA, size 1, value 0x00
IN  port 0x03DA, size 1, value 0x00
IN  port 0x03DA, size 1, value 0x00
IN  port 0x03DA, size 1, value 0x00
IN  port 0x03DA, size 1, value 0x00
IN  port 0x03DA, size 1, value 0x00
IN  port 0x03DA, size 1, value 0x00
IN  port 0x03DA, size 1, value 0x00
IN  port 0x03DA, size 1, value 0x00
IN  port 0x03DA, size 1, value 0x01
IN  port 0x03DA, size 1, value 0x01
IN  port 0x03DA, size 1, value 0x01
IN  port 0x03DA, size 1, value 0x01
IN  port 0x03DA, size 1, value 0x01
IN  port 0x03DA, size 1, value 0x00
IN  port 0x03DA, size 1, value 0x00
IN  port 0x03DA, size 1, value 0x00
IN  port 0x03DA, size 1, value 0x00
IN  port 0x03DA, size 1, value 0x00
IN  port 0x03DA, size 1, value 0x00
IN  port 0x03DA, size 1, value 0x00
IN  port 0x03DA, size 1, value 0x00
IN  port 0x03DA, size 1, value 0x00
IN  port 0x03DA, size 1, value 0x00
IN  port 0x03DA, size 1, value 0x00
IN  port 0x03DA, size 1, value 0x00
IN  port 0x03DA, size 1, value 0x01
IN  port 0x03DA, size 1, value 0x01
IN  port 0x03DA, size 1, value 0x01
IN  port 0x03DA, size 1, value 0x01
IN  port 0x03DA, size 1, value 0x01
IN  port 0x03DA, size 1, value 0x00
IN  port 0x03DA, size 1, value 0x00
IN  port 0x03DA, size 1, value 0x00
IN  port 0x03DA, size 1, value 0x00
IN  port 0x03DA, size 1, value 0x00
IN  port 0x03DA, size 1, value 0x00
IN  port 0x03DA, size 1, value 0x00
IN  port 0x03DA, size 1, value 0x00
IN  port 0x03DA, size 1, value 0x00
IN  port 0x03DA, size 1, value 0x00
IN  port 0x03DA, size 1, value 0x00
IN  port 0x03DA, size 1, value 0x00
IN  port 0x03DA, size 1, value 0x01
IN  port 0x03DA, size 1, value 0x01
IN  port 0x03DA, size 1, value 0x01
IN  port 0x03DA, size 1, value 0x01
IN  port 0x03DA, size 1, value 0x01
IN  port 0x03DA, size 1, value 0x00
IN  port 0x03DA, size 1, value 0x00
IN  port 0x03DA, size 1, value 0x00
IN  port 0x03DA, size 1, value 0x00
IN  port 0x03DA, size 1, value 0x00
IN  port 0x03DA, size 1, value 0x00
IN  port 0x03DA, size 1, value 0x00
IN  port 0x03DA, size 1, value 0x00
IN  port 0x03DA, size 1, value 0x00
IN  port 0x03DA, size 1, value 0x00
IN  port 0x03DA, size 1, value 0x00
IN  port 0x03DA, size 1, value 0x00
IN  port 0x03DA, size 1, value 0x01
IN  port 0x03DA, size 1, value 0x01
IN  port 0x03DA, size 1, value 0x01
IN  port 0x03DA, size 1, value 0x01
IN  port 0x03DA, size 1, value 0x01
IN  port 0x03DA, size 1, value 0x00
IN  port 0x03DA, size 1, value 0x00
IN  port 0x03DA, size 1, value 0x00
IN  port 0x03DA, size 1, value 0x00
IN  port 0x03DA, size 1, value 0x00
IN  port 0x03DA, size 1, value 0x00
IN  port 0x03DA, size 1, value 0x00
IN  port 0x03DA, size 1, value 0x00
IN  port 0x03DA, size 1, value 0x00
IN  port 0x03DA, size 1, value 0x00
IN  port 0x03DA, size 1, value 0x00
IN  port 0x03DA, size 1, value 0x00
IN  port 0x03DA, size 1, value 0x01
IN  port 0x03DA, size 1, value 0x01
IN  port 0x03DA, size 1, value 0x01
IN  port 0x03DA, size 1, value 0x01
IN  port 0x03DA, size 1, value 0x01
IN  port 0x03DA, size 1, value 0x00
IN  port 0x03DA, size 1, value 0x00
IN  port 0x03DA, size 1, value 0x00
IN  port 0x03DA, size 1, value 0x00
IN  port 0x03DA, size 1, value 0x00
IN  port 0x03DA, size 1, value 0x00
IN  port 0x03DA, size 1, value 0x00
IN  port 0x03DA, size 1, value 0x00
IN  port 0x03DA, size 1, value 0x00
IN  port 0x03DA, size 1, value 0x00
IN  port 0x03DA, size 1, value 0x00
IN  port 0x03DA, size 1, value 0x00
IN  port 0x03DA, size 1, value 0x01
IN  port 0x03DA, size 1, value 0x01
IN  port 0x03DA, size 1, value 0x01
IN  port 0x03DA, size 1, value 0x01
IN  port 0x03DA, size 1, value 0x01
IN  port 0x03DA, size 1, value 0x00
IN  port 0x03DA, size 1, value 0x00
IN  port 0x03DA, size 1, value 0x00
IN  port 0x03DA, size 1, value 0x00
IN  port 0x03DA, size 1, value 0x00
IN  port 0x03DA, size 1, value 0x00
IN  port 0x03DA, size 1, value 0x00
IN  port 0x03DA, size 1, value 0x00
IN  port 0x03DA, size 1, value 0x00
IN  port 0x03DA, size 1, value 0x00
IN  port 0x03DA, size 1, value 0x00
IN  port 0x03DA, size 1, value 0x01
IN  port 0x03DA, size 1, value 0x01
IN  port 0x03DA, size 1, value 0x01
IN  port 0x03DA, size 1, value 0x01
IN  port 0x03DA, size 1, value 0x01
IN  port 0x03DA, size 1, value 0x00
IN  port 0x03DA, size 1, value 0x00
IN  port 0x03DA, size 1, value 0x00
IN  port 0x03DA, size 1, value 0x00
IN  port 0x03DA, size 1, value 0x00
IN  port 0x03DA, size 1, value 0x00
IN  port 0x03DA, size 1, value 0x00
IN  port 0x03DA, size 1, value 0x00
IN  port 0x03DA, size 1, value 0x00
IN  port 0x03DA, size 1, value 0x00
IN  port 0x03DA, size 1, value 0x00
IN  port 0x03DA, size 1, value 0x00
IN  port 0x03DA, size 1, value 0x01
IN  port 0x03DA, size 1, value 0x01
IN  port 0x03DA, size 1, value 0x01
IN  port 0x03DA, size 1, value 0x01
IN  port 0x03DA, size 1, value 0x01
IN  port 0x03DA, size 1, value 0x00
IN  port 0x03DA, size 1, value 0x00
IN  port 0x03DA, size 1, value 0x00
IN  port 0x03DA, size 1, value 0x00
IN  port 0x03DA, size 1, value 0x00
IN  port 0x03DA, size 1, value 0x00
IN  port 0x03DA, size 1, value 0x00
IN  port 0x03DA, size 1, value 0x00
IN  port 0x03DA, size 1, value 0x00
IN  port 0x03DA, size 1, value 0x00
IN  port 0x03DA, size 1, value 0x00
IN  port 0x03DA, size 1, value 0x00
IN  port 0x03DA, size 1, value 0x01
IN  port 0x03DA, size 1, value 0x01
IN  port 0x03DA, size 1, value 0x01
IN  port 0x03DA, size 1, value 0x01
IN  port 0x03DA, size 1, value 0x01
IN  port 0x03DA, size 1, value 0x00
IN  port 0x03DA, size 1, value 0x00
IN  port 0x03DA, size 1, value 0x00
IN  port 0x03DA, size 1, value 0x00
IN  port 0x03DA, size 1, value 0x00
IN  port 0x03DA, size 1, value 0x00
IN  port 0x03DA, size 1, value 0x00
IN  port 0x03DA, size 1, value 0x00
IN  port 0x03DA, size 1, value 0x00
IN  port 0x03DA, size 1, value 0x00
IN  port 0x03DA, size 1, value 0x00
IN  port 0x03DA, size 1, value 0x00
IN  port 0x03DA, size 1, value 0x01
IN  port 0x03DA, size 1, value 0x01
IN  port 0x03DA, size 1, value 0x01
IN  port 0x03DA, size 1, value 0x01
IN  port 0x03DA, size 1, value 0x01
IN  port 0x03DA, size 1, value 0x00
IN  port 0x03DA, size 1, value 0x00
IN  port 0x03DA, size 1, value 0x00
IN  port 0x03DA, size 1, value 0x00
IN  port 0x03DA, size 1, value 0x00
IN  port 0x03DA, size 1, value 0x00
IN  port 0x03DA, size 1, value 0x00
IN  port 0x03DA, size 1, value 0x00
IN  port 0x03DA, size 1, value 0x00
IN  port 0x03DA, size 1, value 0x00
IN  port 0x03DA, size 1, value 0x00
IN  port 0x03DA, size 1, value 0x00
IN  port 0x03DA, size 1, value 0x01
IN  port 0x03DA, size 1, value 0x01
IN  port 0x03DA, size 1, value 0x01
IN  port 0x03DA, size 1, value 0x01
IN  port 0x03DA, size 1, value 0x01
IN  port 0x03DA, size 1, value 0x00
IN  port 0x03DA, size 1, value 0x00
IN  port 0x03DA, size 1, value 0x00
IN  port 0x03DA, size 1, value 0x00
IN  port 0x03DA, size 1, value 0x00
IN  port 0x03DA, size 1, value 0x00
IN  port 0x03DA, size 1, value 0x00
IN  port 0x03DA, size 1, value 0x00
IN  port 0x03DA, size 1, value 0x00
IN  port 0x03DA, size 1, value 0x00
IN  port 0x03DA, size 1, value 0x00
IN  port 0x03DA, size 1, value 0x00
IN  port 0x03DA, size 1, value 0x01
IN  port 0x03DA, size 1, value 0x01
IN  port 0x03DA, size 1, value 0x01
IN  port 0x03DA, size 1, value 0x01
IN  port 0x03DA, size 1, value 0x01
IN  port 0x03DA, size 1, value 0x00
IN  port 0x03DA, size 1, value 0x00
IN  port 0x03DA, size 1, value 0x00
IN  port 0x03DA, size 1, value 0x00
IN  port 0x03DA, size 1, value 0x00
IN  port 0x03DA, size 1, value 0x00
IN  port 0x03DA, size 1, value 0x00
IN  port 0x03DA, size 1, value 0x00
IN  port 0x03DA, size 1, value 0x00
IN  port 0x03DA, size 1, value 0x00
IN  port 0x03DA, size 1, value 0x00
IN  port 0x03DA, size 1, value 0x00
IN  port 0x03DA, size 1, value 0x01
IN  port 0x03DA, size 1, value 0x01
IN  port 0x03DA, size 1, value 0x01
IN  port 0x03DA, size 1, value 0x01
IN  port 0x03DA, size 1, value 0x01
IN  port 0x03DA, size 1, value 0x01
IN  port 0x03DA, size 1, value 0x01
IN  port 0x03DA, size 1, value 0x01
IN  port 0x03DA, size 1, value 0x01
IN  port 0x03DA, size 1, value 0x01
IN  port 0x03DA, size 1, value 0x01
IN  port 0x03DA, size 1, value 0x01
IN  port 0x03DA, size 1, value 0x01
IN  port 0x03DA, size 1, value 0x01
IN  port 0x03DA, size 1, value 0x01
IN  port 0x03DA, size 1, value 0x01
IN  port 0x03DA, size 1, value 0x01
IN  port 0x03DA, size 1, value 0x01
IN  port 0x03DA, size 1, value 0x01
IN  port 0x03DA, size 1, value 0x01
IN  port 0x03DA, size 1, value 0x01
IN  port 0x03DA, size 1, value 0x01
IN  port 0x03DA, size 1, value 0x01
IN  port 0x03DA, size 1, value 0x01
IN  port 0x03DA, size 1, value 0x01
IN  port 0x03DA, size 1, value 0x01
IN  port 0x03DA, size 1, value 0x01
IN  port 0x03DA, size 1, value 0x01
IN  port 0x03DA, size 1, value 0x01
IN  port 0x03DA, size 1, value 0x01
IN  port 0x03DA, size 1, value 0x01
IN  port 0x03DA, size 1, value 0x01
IN  port 0x03DA, size 1, value 0x01
IN  port 0x03DA, size 1, value 0x01
IN  port 0x03DA, size 1, value 0x01
IN  port 0x03DA, size 1, value 0x01
IN  port 0x03DA, size 1, value 0x01
IN  port 0x03DA, size 1, value 0x01
IN  port 0x03DA, size 1, value 0x01
IN  port 0x03DA, size 1, value 0x01
IN  port 0x03DA, size 1, value 0x01
IN  port 0x03DA, size 1, value 0x01
IN  port 0x03DA, size 1, value 0x01
IN  port 0x03DA, size 1, value 0x01
IN  port 0x03DA, size 1, value 0x01
IN  port 0x03DA, size 1, value 0x01
IN  port 0x03DA, size 1, value 0x01
IN  port 0x03DA, size 1, value 0x01
IN  port 0x03DA, size 1, value 0x01
IN  port 0x03DA, size 1, value 0x01
IN  port 0x03DA, size 1, value 0x01
IN  port 0x03DA, size 1, value 0x01
IN  port 0x03DA, size 1, value 0x01
IN  port 0x03DA, size 1, value 0x01
IN  port 0x03DA, size 1, value 0x01
IN  port 0x03DA, size 1, value 0x01
IN  port 0x03DA, size 1, value 0x01
IN  port 0x03DA, size 1, value 0x01
IN  port 0x03DA, size 1, value 0x01
IN  port 0x03DA, size 1, value 0x01
IN  port 0x03DA, size 1, value 0x01
IN  port 0x03DA, size 1, value 0x01
IN  port 0x03DA, size 1, value 0x01
IN  port 0x03DA, size 1, value 0x01
IN  port 0x03DA, size 1, value 0x01
IN  port 0x03DA, size 1, value 0x01
IN  port 0x03DA, size 1, value 0x01
IN  port 0x03DA, size 1, value 0x01
IN  port 0x03DA, size 1, value 0x01
IN  port 0x03DA, size 1, value 0x01
IN  port 0x03DA, size 1, value 0x01
IN  port 0x03DA, size 1, value 0x01
IN  port 0x03DA, size 1, value 0x01
IN  port 0x03DA, size 1, value 0x01
IN  port 0x03DA, size 1, value 0x01
IN  port 0x03DA, size 1, value 0x01
IN  port 0x03DA, size 1, value 0x01
IN  port 0x03DA, size 1, value 0x01
IN  port 0x03DA, size 1, value 0x01
IN  port 0x03DA, size 1, value 0x01
IN  port 0x03DA, size 1, value 0x01
IN  port 0x03DA, size 1, value 0x01
IN  port 0x03DA, size 1, value 0x01
IN  port 0x03DA, size 1, value 0x01
IN  port 0x03DA, size 1, value 0x01
IN  port 0x03DA, size 1, value 0x01
IN  port 0x03DA, size 1, value 0x01
IN  port 0x03DA, size 1, value 0x01
IN  port 0x03DA, size 1, value 0x01
IN  port 0x03DA, size 1, value 0x01
IN  port 0x03DA, size 1, value 0x01
IN  port 0x03DA, size 1, value 0x01
IN  port 0x03DA, size 1, value 0x01
IN  port 0x03DA, size 1, value 0x01
IN  port 0x03DA, size 1, value 0x01
IN  port 0x03DA, size 1, value 0x01
IN  port 0x03DA, size 1, value 0x01
IN  port 0x03DA, size 1, value 0x01
IN  port 0x03DA, size 1, value 0x01
IN  port 0x03DA, size 1, value 0x01
IN  port 0x03DA, size 1, value 0x01
IN  port 0x03DA, size 1, value 0x01
IN  port 0x03DA, size 1, value 0x01
IN  port 0x03DA, size 1, value 0x01
IN  port 0x03DA, size 1, value 0x01
IN  port 0x03DA, size 1, value 0x01
IN  port 0x03DA, size 1, value 0x01
IN  port 0x03DA, size 1, value 0x01
IN  port 0x03DA, size 1, value 0x01
IN  port 0x03DA, size 1, value 0x01
IN  port 0x03DA, size 1, value 0x01
IN  port 0x03DA, size 1, value 0x01
IN  port 0x03DA, size 1, value 0x01
IN  port 0x03DA, size 1, value 0x01
IN  port 0x03DA, size 1, value 0x01
IN  port 0x03DA, size 1, value 0x01
IN  port 0x03DA, size 1, value 0x01
IN  port 0x03DA, size 1, value 0x01
IN  port 0x03DA, size 1, value 0x01
IN  port 0x03DA, size 1, value 0x01
IN  port 0x03DA, size 1, value 0x01
IN  port 0x03DA, size 1, value 0x01
IN  port 0x03DA, size 1, value 0x01
IN  port 0x03DA, size 1, value 0x01
IN  port 0x03DA, size 1, value 0x01
IN  port 0x03DA, size 1, value 0x01
IN  port 0x03DA, size 1, value 0x01
IN  port 0x03DA, size 1, value 0x01
IN  port 0x03DA, size 1, value 0x01
IN  port 0x03DA, size 1, value 0x01
IN  port 0x03DA, size 1, value 0x01
IN  port 0x03DA, size 1, value 0x01
IN  port 0x03DA, size 1, value 0x01
IN  port 0x03DA, size 1, value 0x01
IN  port 0x03DA, size 1, value 0x01
IN  port 0x03DA, size 1, value 0x01
IN  port 0x03DA, size 1, value 0x01
IN  port 0x03DA, size 1, value 0x01
IN  port 0x03DA, size 1, value 0x01
IN  port 0x03DA, size 1, value 0x01
IN  port 0x03DA, size 1, value 0x01
IN  port 0x03DA, size 1, value 0x01
IN  port 0x03DA, size 1, value 0x01
IN  port 0x03DA, size 1, value 0x01
IN  port 0x03DA, size 1, value 0x01
IN  port 0x03DA, size 1, value 0x01
IN  port 0x03DA, size 1, value 0x01
IN  port 0x03DA, size 1, value 0x01
IN  port 0x03DA, size 1, value 0x01
IN  port 0x03DA, size 1, value 0x01
IN  port 0x03DA, size 1, value 0x01
IN  port 0x03DA, size 1, value 0x01
IN  port 0x03DA, size 1, value 0x01
IN  port 0x03DA, size 1, value 0x01
IN  port 0x03DA, size 1, value 0x01
IN  port 0x03DA, size 1, value 0x01
IN  port 0x03DA, size 1, value 0x01
IN  port 0x03DA, size 1, value 0x01
IN  port 0x03DA, size 1, value 0x01
IN  port 0x03DA, size 1, value 0x01
IN  port 0x03DA, size 1, value 0x01
IN  port 0x03DA, size 1, value 0x01
IN  port 0x03DA, size 1, value 0x01
IN  port 0x03DA, size 1, value 0x01
IN  port 0x03DA, size 1, value 0x01
IN  port 0x03DA, size 1, value 0x01
IN  port 0x03DA, size 1, value 0x01
IN  port 0x03DA, size 1, value 0x01
IN  port 0x03DA, size 1, value 0x01
IN  port 0x03DA, size 1, value 0x01
IN  port 0x03DA, size 1, value 0x01
IN  port 0x03DA, size 1, value 0x01
IN  port 0x03DA, size 1, value 0x01
IN  port 0x03DA, size 1, value 0x01
IN  port 0x03DA, size 1, value 0x01
IN  port 0x03DA, size 1, value 0x01
IN  port 0x03DA, size 1, value 0x01
IN  port 0x03DA, size 1, value 0x01
IN  port 0x03DA, size 1, value 0x01
IN  port 0x03DA, size 1, value 0x01
IN  port 0x03DA, size 1, value 0x01
IN  port 0x03DA, size 1, value 0x01
IN  port 0x03DA, size 1, value 0x01
IN  port 0x03DA, size 1, value 0x01
IN  port 0x03DA, size 1, value 0x01
IN  port 0x03DA, size 1, value 0x01
IN  port 0x03DA, size 1, value 0x01
IN  port 0x03DA, size 1, value 0x01
IN  port 0x03DA, size 1, value 0x01
IN  port 0x03DA, size 1, value 0x01
IN  port 0x03DA, size 1, value 0x01
IN  port 0x03DA, size 1, value 0x01
IN  port 0x03DA, size 1, value 0x01
IN  port 0x03DA, size 1, value 0x01
IN  port 0x03DA, size 1, value 0x01
IN  port 0x03DA, size 1, value 0x01
IN  port 0x03DA, size 1, value 0x01
IN  port 0x03DA, size 1, value 0x01
IN  port 0x03DA, size 1, value 0x01
IN  port 0x03DA, size 1, value 0x01
IN  port 0x03DA, size 1, value 0x01
IN  port 0x03DA, size 1, value 0x01
IN  port 0x03DA, size 1, value 0x01
IN  port 0x03DA, size 1, value 0x01
IN  port 0x03DA, size 1, value 0x01
IN  port 0x03DA, size 1, value 0x01
IN  port 0x03DA, size 1, value 0x01
IN  port 0x03DA, size 1, value 0x01
IN  port 0x03DA, size 1, value 0x01
IN  port 0x03DA, size 1, value 0x01
IN  port 0x03DA, size 1, value 0x01
IN  port 0x03DA, size 1, value 0x01
IN  port 0x03DA, size 1, value 0x01
IN  port 0x03DA, size 1, value 0x01
IN  port 0x03DA, size 1, value 0x01
IN  port 0x03DA, size 1, value 0x01
IN  port 0x03DA, size 1, value 0x01
IN  port 0x03DA, size 1, value 0x01
IN  port 0x03DA, size 1, value 0x01
IN  port 0x03DA, size 1, value 0x01
IN  port 0x03DA, size 1, value 0x01
IN  port 0x03DA, size 1, value 0x01
IN  port 0x03DA, size 1, value 0x01
IN  port 0x03DA, size 1, value 0x01
IN  port 0x03DA, size 1, value 0x01
IN  port 0x03DA, size 1, value 0x01
IN  port 0x03DA, size 1, value 0x01
IN  port 0x03DA, size 1, value 0x01
IN  port 0x03DA, size 1, value 0x01
IN  port 0x03DA, size 1, value 0x01
IN  port 0x03DA, size 1, value 0x01
IN  port 0x03DA, size 1, value 0x01
IN  port 0x03DA, size 1, value 0x01
IN  port 0x03DA, size 1, value 0x01
IN  port 0x03DA, size 1, value 0x01
IN  port 0x03DA, size 1, value 0x01
IN  port 0x03DA, size 1, value 0x01
IN  port 0x03DA, size 1, value 0x01
IN  port 0x03DA, size 1, value 0x01
IN  port 0x03DA, size 1, value 0x01
IN  port 0x03DA, size 1, value 0x01
IN  port 0x03DA, size 1, value 0x01
IN  port 0x03DA, size 1, value 0x01
IN  port 0x03DA, size 1, value 0x01
IN  port 0x03DA, size 1, value 0x01
IN  port 0x03DA, size 1, value 0x01
IN  port 0x03DA, size 1, value 0x01
IN  port 0x03DA, size 1, value 0x01
IN  port 0x03DA, size 1, value 0x01
IN  port 0x03DA, size 1, value 0x01
IN  port 0x03DA, size 1, value 0x01
IN  port 0x03DA, size 1, value 0x01
IN  port 0x03DA, size 1, value 0x01
IN  port 0x03DA, size 1, value 0x01
IN  port 0x03DA, size 1, value 0x01
IN  port 0x03DA, size 1, value 0x01
IN  port 0x03DA, size 1, value 0x01
IN  port 0x03DA, size 1, value 0x01
IN  port 0x03DA, size 1, value 0x01
IN  port 0x03DA, size 1, value 0x01
IN  port 0x03DA, size 1, value 0x01
IN  port 0x03DA, size 1, value 0x01
IN  port 0x03DA, size 1, value 0x01
IN  port 0x03DA, size 1, value 0x01
IN  port 0x03DA, size 1, value 0x01
IN  port 0x03DA, size 1, value 0x01
IN  port 0x03DA, size 1, value 0x01
IN  port 0x03DA, size 1, value 0x01
IN  port 0x03DA, size 1, value 0x01
IN  port 0x03DA, size 1, value 0x01
IN  port 0x03DA, size 1, value 0x01
IN  port 0x03DA, size 1, value 0x01
IN  port 0x03DA, size 1, value 0x01
IN  port 0x03DA, size 1, value 0x01
IN  port 0x03DA, size 1, value 0x01
IN  port 0x03DA, size 1, value 0x01
IN  port 0x03DA, size 1, value 0x01
IN  port 0x03DA, size 1, value 0x01
IN  port 0x03DA, size 1, value 0x01
IN  port 0x03DA, size 1, value 0x01
IN  port 0x03DA, size 1, value 0x01
IN  port 0x03DA, size 1, value 0x01
IN  port 0x03DA, size 1, value 0x01
IN  port 0x03DA, size 1, value 0x01
IN  port 0x03DA, size 1, value 0x01
IN  port 0x03DA, size 1, value 0x01
IN  port 0x03DA, size 1, value 0x01
IN  port 0x03DA, size 1, value 0x01
IN  port 0x03DA, size 1, value 0x01
IN  port 0x03DA, size 1, value 0x01
IN  port 0x03DA, size 1, value 0x01
IN  port 0x03DA, size 1, value 0x01
IN  port 0x03DA, size 1, value 0x01
IN  port 0x03DA, size 1, value 0x01
IN  port 0x03DA, size 1, value 0x01
IN  port 0x03DA, size 1, value 0x01
IN  port 0x03DA, size 1, value 0x01
IN  port 0x03DA, size 1, value 0x01
IN  port 0x03DA, size 1, value 0x01
IN  port 0x03DA, size 1, value 0x01
IN  port 0x03DA, size 1, value 0x01
IN  port 0x03DA, size 1, value 0x01
IN  port 0x03DA, size 1, value 0x01
IN  port 0x03DA, size 1, value 0x01
IN  port 0x03DA, size 1, value 0x01
IN  port 0x03DA, size 1, value 0x01
IN  port 0x03DA, size 1, value 0x01
IN  port 0x03DA, size 1, value 0x01
IN  port 0x03DA, size 1, value 0x01
IN  port 0x03DA, size 1, value 0x01
IN  port 0x03DA, size 1, value 0x01
IN  port 0x03DA, size 1, value 0x01
IN  port 0x03DA, size 1, value 0x01
IN  port 0x03DA, size 1, value 0x01
IN  port 0x03DA, size 1, value 0x01
IN  port 0x03DA, size 1, value 0x01
IN  port 0x03DA, size 1, value 0x01
IN  port 0x03DA, size 1, value 0x01
IN  port 0x03DA, size 1, value 0x01
IN  port 0x03DA, size 1, value 0x01
IN  port 0x03DA, size 1, value 0x01
IN  port 0x03DA, size 1, value 0x01
IN  port 0x03DA, size 1, value 0x01
IN  port 0x03DA, size 1, value 0x01
IN  port 0x03DA, size 1, value 0x01
IN  port 0x03DA, size 1, value 0x01
IN  port 0x03DA, size 1, value 0x01
IN  port 0x03DA, size 1, value 0x01
IN  port 0x03DA, size 1, value 0x01
IN  port 0x03DA, size 1, value 0x01
IN  port 0x03DA, size 1, value 0x01
IN  port 0x03DA, size 1, value 0x01
IN  port 0x03DA, size 1, value 0x01
IN  port 0x03DA, size 1, value 0x01
IN  port 0x03DA, size 1, value 0x01
IN  port 0x03DA, size 1, value 0x01
IN  port 0x03DA, size 1, value 0x01
IN  port 0x03DA, size 1, value 0x01
IN  port 0x03DA, size 1, value 0x01
IN  port 0x03DA, size 1, value 0x01
IN  port 0x03DA, size 1, value 0x01
IN  port 0x03DA, size 1, value 0x01
IN  port 0x03DA, size 1, value 0x01
IN  port 0x03DA, size 1, value 0x01
IN  port 0x03DA, size 1, value 0x01
IN  port 0x03DA, size 1, value 0x01
IN  port 0x03DA, size 1, value 0x01
IN  port 0x03DA, size 1, value 0x01
IN  port 0x03DA, size 1, value 0x01
IN  port 0x03DA, size 1, value 0x01
IN  port 0x03DA, size 1, value 0x01
IN  port 0x03DA, size 1, value 0x01
IN  port 0x03DA, size 1, value 0x01
IN  port 0x03DA, size 1, value 0x01
IN  port 0x03DA, size 1, value 0x01
IN  port 0x03DA, size 1, value 0x01
IN  port 0x03DA, size 1, value 0x01
IN  port 0x03DA, size 1, value 0x01
IN  port 0x03DA, size 1, value 0x01
IN  port 0x03DA, size 1, value 0x01
IN  port 0x03DA, size 1, value 0x01
IN  port 0x03DA, size 1, value 0x01
IN  port 0x03DA, size 1, value 0x01
IN  port 0x03DA, size 1, value 0x01
IN  port 0x03DA, size 1, value 0x01
IN  port 0x03DA, size 1, value 0x01
IN  port 0x03DA, size 1, value 0x01
IN  port 0x03DA, size 1, value 0x01
IN  port 0x03DA, size 1, value 0x01
IN  port 0x03DA, size 1, value 0x01
IN  port 0x03DA, size 1, value 0x01
IN  port 0x03DA, size 1, value 0x01
IN  port 0x03DA, size 1, value 0x01
IN  port 0x03DA, size 1, value 0x01
IN  port 0x03DA, size 1, value 0x01
IN  port 0x03DA, size 1, value 0x01
IN  port 0x03DA, size 1, value 0x01
IN  port 0x03DA, size 1, value 0x01
IN  port 0x03DA, size 1, value 0x01
IN  port 0x03DA, size 1, value 0x01
IN  port 0x03DA, size 1, value 0x01
IN  port 0x03DA, size 1, value 0x01
IN  port 0x03DA, size 1, value 0x01
IN  port 0x03DA, size 1, value 0x01
IN  port 0x03DA, size 1, value 0x01
IN  port 0x03DA, size 1, value 0x01
IN  port 0x03DA, size 1, value 0x01
IN  port 0x03DA, size 1, value 0x01
IN  port 0x03DA, size 1, value 0x01
IN  port 0x03DA, size 1, value 0x01
IN  port 0x03DA, size 1, value 0x01
IN  port 0x03DA, size 1, value 0x01
IN  port 0x03DA, size 1, value 0x01
IN  port 0x03DA, size 1, value 0x01
IN  port 0x03DA, size 1, value 0x01
IN  port 0x03DA, size 1, value 0x01
IN  port 0x03DA, size 1, value 0x01
IN  port 0x03DA, size 1, value 0x01
IN  port 0x03DA, size 1, value 0x01
IN  port 0x03DA, size 1, value 0x01
IN  port 0x03DA, size 1, value 0x01
IN  port 0x03DA, size 1, value 0x01
IN  port 0x03DA, size 1, value 0x01
IN  port 0x03DA, size 1, value 0x01
IN  port 0x03DA, size 1, value 0x01
IN  port 0x03DA, size 1, value 0x01
IN  port 0x03DA, size 1, value 0x01
IN  port 0x03DA, size 1, value 0x01
IN  port 0x03DA, size 1, value 0x01
IN  port 0x03DA, size 1, value 0x01
IN  port 0x03DA, size 1, value 0x01
IN  port 0x03DA, size 1, value 0x01
IN  port 0x03DA, size 1, value 0x01
IN  port 0x03DA, size 1, value 0x01
IN  port 0x03DA, size 1, value 0x01
IN  port 0x03DA, size 1, value 0x01
IN  port 0x03DA, size 1, value 0x01
IN  port 0x03DA, size 1, value 0x01
IN  port 0x03DA, size 1, value 0x01
IN  port 0x03DA, size 1, value 0x01
IN  port 0x03DA, size 1, value 0x01
IN  port 0x03DA, size 1, value 0x01
IN  port 0x03DA, size 1, value 0x09
IN  port 0x03DA, size 1, value 0x09
IN  port 0x03DA, size 1, value 0x09
IN  port 0x03DA, size 1, value 0x09
IN  port 0x03DA, size 1, value 0x09
IN  port 0x03DA, size 1, value 0x09
IN  port 0x03DA, size 1, value 0x09
IN  port 0x03DA, size 1, value 0x09
IN  port 0x03DA, size 1, value 0x09
IN  port 0x03DA, size 1, value 0x09
IN  port 0x03DA, size 1, value 0x09
IN  port 0x03DA, size 1, value 0x09
IN  port 0x03DA, size 1, value 0x09
IN  port 0x03DA, size 1, value 0x09
IN  port 0x03DA, size 1, value 0x09
IN  port 0x03DA, size 1, value 0x09
IN  port 0x03DA, size 1, value 0x09
IN  port 0x03DA, size 1, value 0x09
IN  port 0x03DA, size 1, value 0x09
IN  port 0x03DA, size 1, value 0x09
IN  port 0x03DA, size 1, value 0x09
IN  port 0x03DA, size 1, value 0x09
IN  port 0x03DA, size 1, value 0x09
IN  port 0x03DA, size 1, value 0x09
IN  port 0x03DA, size 1, value 0x09
IN  port 0x03DA, size 1, value 0x09
IN  port 0x03DA, size 1, value 0x09
IN  port 0x03DA, size 1, value 0x09
IN  port 0x03DA, size 1, value 0x09
IN  port 0x03DA, size 1, value 0x09
IN  port 0x03DA, size 1, value 0x09
IN  port 0x03DA, size 1, value 0x09
IN  port 0x03DA, size 1, value 0x09
IN  port 0x03DA, size 1, value 0x09
IN  port 0x03DA, size 1, value 0x09
IN  port 0x03DA, size 1, value 0x09
IN  port 0x03DA, size 1, value 0x09
IN  port 0x03DA, size 1, value 0x09
IN  port 0x03DA, size 1, value 0x09
IN  port 0x03DA, size 1, value 0x09
IN  port 0x03DA, size 1, value 0x09
IN  port 0x03DA, size 1, value 0x09
IN  port 0x03DA, size 1, value 0x09
IN  port 0x03DA, size 1, value 0x09
IN  port 0x03DA, size 1, value 0x09
IN  port 0x03DA, size 1, value 0x09
IN  port 0x03DA, size 1, value 0x09
IN  port 0x03DA, size 1, value 0x09
IN  port 0x03DA, size 1, value 0x09
IN  port 0x03DA, size 1, value 0x09
IN  port 0x03DA, size 1, value 0x09
IN  port 0x03DA, size 1, value 0x09
IN  port 0x03DA, size 1, value 0x09
IN  port 0x03DA, size 1, value 0x09
IN  port 0x03DA, size 1, value 0x09
IN  port 0x03DA, size 1, value 0x09
IN  port 0x03DA, size 1, value 0x09
IN  port 0x03DA, size 1, value 0x09
IN  port 0x03DA, size 1, value 0x09
IN  port 0x03DA, size 1, value 0x09
IN  port 0x03DA, size 1, value 0x09
IN  port 0x03DA, size 1, value 0x09
IN  port 0x03DA, size 1, value 0x09
IN  port 0x03DA, size 1, value 0x09
IN  port 0x03DA, size 1, value 0x09
IN  port 0x03DA, size 1, value 0x09
IN  port 0x03DA, size 1, value 0x09
IN  port 0x03DA, size 1, value 0x09
IN  port 0x03DA, size 1, value 0x09
IN  port 0x03DA, size 1, value 0x09
IN  port 0x03DA, size 1, value 0x09
IN  port 0x03DA, size 1, value 0x09
IN  port 0x03DA, size 1, value 0x09
IN  port 0x03DA, size 1, value 0x09
IN  port 0x03DA, size 1, value 0x09
IN  port 0x03DA, size 1, value 0x09
IN  port 0x03DA, size 1, value 0x09
IN  port 0x03DA, size 1, value 0x09
IN  port 0x03DA, size 1, value 0x09
IN  port 0x03DA, size 1, value 0x09
IN  port 0x03DA, size 1, value 0x09
IN  port 0x03DA, size 1, value 0x09
IN  port 0x03DA, size 1, value 0x09
IN  port 0x03DA, size 1, value 0x09
IN  port 0x03DA, size 1, value 0x09
IN  port 0x03DA, size 1, value 0x09
IN  port 0x03DA, size 1, value 0x09
IN  port 0x03DA, size 1, value 0x09
IN  port 0x03DA, size 1, value 0x09
IN  port 0x03DA, size 1, value 0x09
IN  port 0x03DA, size 1, value 0x09
IN  port 0x03DA, size 1, value 0x09
IN  port 0x03DA, size 1, value 0x09
IN  port 0x03DA, size 1, value 0x09
IN  port 0x03DA, size 1, value 0x09
IN  port 0x03DA, size 1, value 0x09
IN  port 0x03DA, size 1, value 0x09
IN  port 0x03DA, size 1, value 0x09
IN  port 0x03DA, size 1, value 0x09
IN  port 0x03DA, size 1, value 0x09
IN  port 0x03DA, size 1, value 0x09
IN  port 0x03DA, size 1, value 0x09
IN  port 0x03DA, size 1, value 0x09
IN  port 0x03DA, size 1, value 0x09
IN  port 0x03DA, size 1, value 0x09
IN  port 0x03DA, size 1, value 0x09
IN  port 0x03DA, size 1, value 0x09
IN  port 0x03DA, size 1, value 0x09
IN  port 0x03DA, size 1, value 0x09
IN  port 0x03DA, size 1, value 0x09
IN  port 0x03DA, size 1, value 0x09
IN  port 0x03DA, size 1, value 0x09
IN  port 0x03DA, size 1, value 0x09
IN  port 0x03DA, size 1, value 0x09
IN  port 0x03DA, size 1, value 0x09
IN  port 0x03DA, size 1, value 0x09
IN  port 0x03DA, size 1, value 0x09
IN  port 0x03DA, size 1, value 0x09
IN  port 0x03DA, size 1, value 0x09
IN  port 0x03DA, size 1, value 0x09
IN  port 0x03DA, size 1, value 0x09
IN  port 0x03DA, size 1, value 0x09
IN  port 0x03DA, size 1, value 0x09
IN  port 0x03DA, size 1, value 0x09
IN  port 0x03DA, size 1, value 0x09
IN  port 0x03DA, size 1, value 0x09
IN  port 0x03DA, size 1, value 0x09
IN  port 0x03DA, size 1, value 0x09
IN  port 0x03DA, size 1, value 0x09
IN  port 0x03DA, size 1, value 0x09
IN  port 0x03DA, size 1, value 0x09
IN  port 0x03DA, size 1, value 0x09
IN  port 0x03DA, size 1, value 0x09
IN  port 0x03DA, size 1, value 0x09
IN  port 0x03DA, size 1, value 0x09
IN  port 0x03DA, size 1, value 0x09
IN  port 0x03DA, size 1, value 0x09
IN  port 0x03DA, size 1, value 0x09
IN  port 0x03DA, size 1, value 0x09
IN  port 0x03DA, size 1, value 0x09
IN  port 0x03DA, size 1, value 0x09
IN  port 0x03DA, size 1, value 0x09
IN  port 0x03DA, size 1, value 0x09
IN  port 0x03DA, size 1, value 0x09
IN  port 0x03DA, size 1, value 0x09
IN  port 0x03DA, size 1, value 0x09
IN  port 0x03DA, size 1, value 0x09
IN  port 0x03DA, size 1, value 0x09
IN  port 0x03DA, size 1, value 0x09
IN  port 0x03DA, size 1, value 0x09
IN  port 0x03DA, size 1, value 0x09
IN  port 0x03DA, size 1, value 0x09
IN  port 0x03DA, size 1, value 0x09
IN  port 0x03DA, size 1, value 0x09
IN  port 0x03DA, size 1, value 0x09
IN  port 0x03DA, size 1, value 0x09
IN  port 0x03DA, size 1, value 0x09
IN  port 0x03DA, size 1, value 0x09
IN  port 0x03DA, size 1, value 0x09
IN  port 0x03DA, size 1, value 0x09
IN  port 0x03DA, size 1, value 0x09
IN  port 0x03DA, size 1, value 0x09
IN  port 0x03DA, size 1, value 0x09
IN  port 0x03DA, size 1, value 0x09
IN  port 0x03DA, size 1, value 0x09
IN  port 0x03DA, size 1, value 0x09
IN  port 0x03DA, size 1, value 0x09
IN  port 0x03DA, size 1, value 0x09
IN  port 0x03DA, size 1, value 0x09
IN  port 0x03DA, size 1, value 0x09
IN  port 0x03DA, size 1, value 0x09
IN  port 0x03DA, size 1, value 0x09
IN  port 0x03DA, size 1, value 0x09
IN  port 0x03DA, size 1, value 0x09
IN  port 0x03DA, size 1, value 0x09
IN  port 0x03DA, size 1, value 0x09
IN  port 0x03DA, size 1, value 0x09
IN  port 0x03DA, size 1, value 0x09
IN  port 0x03DA, size 1, value 0x09
IN  port 0x03DA, size 1, value 0x09
IN  port 0x03DA, size 1, value 0x09
IN  port 0x03DA, size 1, value 0x09
IN  port 0x03DA, size 1, value 0x09
IN  port 0x03DA, size 1, value 0x09
IN  port 0x03DA, size 1, value 0x09
IN  port 0x03DA, size 1, value 0x09
IN  port 0x03DA, size 1, value 0x09
IN  port 0x03DA, size 1, value 0x09
IN  port 0x03DA, size 1, value 0x09
IN  port 0x03DA, size 1, value 0x09
IN  port 0x03DA, size 1, value 0x09
IN  port 0x03DA, size 1, value 0x09
IN  port 0x03DA, size 1, value 0x09
IN  port 0x03DA, size 1, value 0x09
IN  port 0x03DA, size 1, value 0x09
IN  port 0x03DA, size 1, value 0x09
IN  port 0x03DA, size 1, value 0x09
IN  port 0x03DA, size 1, value 0x09
IN  port 0x03DA, size 1, value 0x09
IN  port 0x03DA, size 1, value 0x09
IN  port 0x03DA, size 1, value 0x09
IN  port 0x03DA, size 1, value 0x09
IN  port 0x03DA, size 1, value 0x09
IN  port 0x03DA, size 1, value 0x09
IN  port 0x03DA, size 1, value 0x09
IN  port 0x03DA, size 1, value 0x09
IN  port 0x03DA, size 1, value 0x09
IN  port 0x03DA, size 1, value 0x09
IN  port 0x03DA, size 1, value 0x09
IN  port 0x03DA, size 1, value 0x09
IN  port 0x03DA, size 1, value 0x09
IN  port 0x03DA, size 1, value 0x09
IN  port 0x03DA, size 1, value 0x09
IN  port 0x03DA, size 1, value 0x09
IN  port 0x03DA, size 1, value 0x09
IN  port 0x03DA, size 1, value 0x09
IN  port 0x03DA, size 1, value 0x09
IN  port 0x03DA, size 1, value 0x09
IN  port 0x03DA, size 1, value 0x09
IN  port 0x03DA, size 1, value 0x09
IN  port 0x03DA, size 1, value 0x09
IN  port 0x03DA, size 1, value 0x09
IN  port 0x03DA, size 1, value 0x09
IN  port 0x03DA, size 1, value 0x09
IN  port 0x03DA, size 1, value 0x09
IN  port 0x03DA, size 1, value 0x09
IN  port 0x03DA, size 1, value 0x09
IN  port 0x03DA, size 1, value 0x09
IN  port 0x03DA, size 1, value 0x09
IN  port 0x03DA, size 1, value 0x09
IN  port 0x03DA, size 1, value 0x09
IN  port 0x03DA, size 1, value 0x09
IN  port 0x03DA, size 1, value 0x09
IN  port 0x03DA, size 1, value 0x09
IN  port 0x03DA, size 1, value 0x09
IN  port 0x03DA, size 1, value 0x09
IN  port 0x03DA, size 1, value 0x09
IN  port 0x03DA, size 1, value 0x09
IN  port 0x03DA, size 1, value 0x09
IN  port 0x03DA, size 1, value 0x09
IN  port 0x03DA, size 1, value 0x09
IN  port 0x03DA, size 1, value 0x09
IN  port 0x03DA, size 1, value 0x09
IN  port 0x03DA, size 1, value 0x09
IN  port 0x03DA, size 1, value 0x09
IN  port 0x03DA, size 1, value 0x09
IN  port 0x03DA, size 1, value 0x09
IN  port 0x03DA, size 1, value 0x09
IN  port 0x03DA, size 1, value 0x09
IN  port 0x03DA, size 1, value 0x09
IN  port 0x03DA, size 1, value 0x09
IN  port 0x03DA, size 1, value 0x09
IN  port 0x03DA, size 1, value 0x09
IN  port 0x03DA, size 1, value 0x09
IN  port 0x03DA, size 1, value 0x09
IN  port 0x03DA, size 1, value 0x09
IN  port 0x03DA, size 1, value 0x09
IN  port 0x03DA, size 1, value 0x09
IN  port 0x03DA, size 1, value 0x01
IN  port 0x03DA, size 1, value 0x01
IN  port 0x03DA, size 1, value 0x01
IN  port 0x03DA, size 1, value 0x01
IN  port 0x03DA, size 1, value 0x01
IN  port 0x03DA, size 1, value 0x01
IN  port 0x03DA, size 1, value 0x01
IN  port 0x03DA, size 1, value 0x01
IN  port 0x03DA, size 1, value 0x01
IN  port 0x03DA, size 1, value 0x01
IN  port 0x03DA, size 1, value 0x01
IN  port 0x03DA, size 1, value 0x01
IN  port 0x03DA, size 1, value 0x01
IN  port 0x03DA, size 1, value 0x01
IN  port 0x03DA, size 1, value 0x01
IN  port 0x03DA, size 1, value 0x01
IN  port 0x03DA, size 1, value 0x01
IN  port 0x03DA, size 1, value 0x01
IN  port 0x03DA, size 1, value 0x01
IN  port 0x03DA, size 1, value 0x01
IN  port 0x03DA, size 1, value 0x01
IN  port 0x03DA, size 1, value 0x01
IN  port 0x03DA, size 1, value 0x01
IN  port 0x03DA, size 1, value 0x01
IN  port 0x03DA, size 1, value 0x01
IN  port 0x03DA, size 1, value 0x01
IN  port 0x03DA, size 1, value 0x01
IN  port 0x03DA, size 1, value 0x01
IN  port 0x03DA, size 1, value 0x01
IN  port 0x03DA, size 1, value 0x01
IN  port 0x03DA, size 1, value 0x01
IN  port 0x03DA, size 1, value 0x01
IN  port 0x03DA, size 1, value 0x01
IN  port 0x03DA, size 1, value 0x01
IN  port 0x03DA, size 1, value 0x01
IN  port 0x03DA, size 1, value 0x01
IN  port 0x03DA, size 1, value 0x01
IN  port 0x03DA, size 1, value 0x01
IN  port 0x03DA, size 1, value 0x01
IN  port 0x03DA, size 1, value 0x01
IN  port 0x03DA, size 1, value 0x01
IN  port 0x03DA, size 1, value 0x01
IN  port 0x03DA, size 1, value 0x01
IN  port 0x03DA, size 1, value 0x01
IN  port 0x03DA, size 1, value 0x01
IN  port 0x03DA, size 1, value 0x01
IN  port 0x03DA, size 1, value 0x01
IN  port 0x03DA, size 1, value 0x01
IN  port 0x03DA, size 1, value 0x01
IN  port 0x03DA, size 1, value 0x01
IN  port 0x03DA, size 1, value 0x01
IN  port 0x03DA, size 1, value 0x01
IN  port 0x03DA, size 1, value 0x01
IN  port 0x03DA, size 1, value 0x01
IN  port 0x03DA, size 1, value 0x01
IN  port 0x03DA, size 1, value 0x01
IN  port 0x03DA, size 1, value 0x01
IN  port 0x03DA, size 1, value 0x01
IN  port 0x03DA, size 1, value 0x01
IN  port 0x03DA, size 1, value 0x01
IN  port 0x03DA, size 1, value 0x01
IN  port 0x03DA, size 1, value 0x01
IN  port 0x03DA, size 1, value 0x01
IN  port 0x03DA, size 1, value 0x01
IN  port 0x03DA, size 1, value 0x01
IN  port 0x03DA, size 1, value 0x01
IN  port 0x03DA, size 1, value 0x01
IN  port 0x03DA, size 1, value 0x01
IN  port 0x03DA, size 1, value 0x01
IN  port 0x03DA, size 1, value 0x01
IN  port 0x03DA, size 1, value 0x01
IN  port 0x03DA, size 1, value 0x01
IN  port 0x03DA, size 1, value 0x01
IN  port 0x03DA, size 1, value 0x01
IN  port 0x03DA, size 1, value 0x01
IN  port 0x03DA, size 1, value 0x01
IN  port 0x03DA, size 1, value 0x01
IN  port 0x03DA, size 1, value 0x01
IN  port 0x03DA, size 1, value 0x01
IN  port 0x03DA, size 1, value 0x01
IN  port 0x03DA, size 1, value 0x01
IN  port 0x03DA, size 1, value 0x01
IN  port 0x03DA, size 1, value 0x01
IN  port 0x03DA, size 1, value 0x01
IN  port 0x03DA, size 1, value 0x01
IN  port 0x03DA, size 1, value 0x01
IN  port 0x03DA, size 1, value 0x01
IN  port 0x03DA, size 1, value 0x01
IN  port 0x03DA, size 1, value 0x01
IN  port 0x03DA, size 1, value 0x01
IN  port 0x03DA, size 1, value 0x01
IN  port 0x03DA, size 1, value 0x01
IN  port 0x03DA, size 1, value 0x01
IN  port 0x03DA, size 1, value 0x01
IN  port 0x03DA, size 1, value 0x01
IN  port 0x03DA, size 1, value 0x01
IN  port 0x03DA, size 1, value 0x01
IN  port 0x03DA, size 1, value 0x01
IN  port 0x03DA, size 1, value 0x01
IN  port 0x03DA, size 1, value 0x01
IN  port 0x03DA, size 1, value 0x01
IN  port 0x03DA, size 1, value 0x01
IN  port 0x03DA, size 1, value 0x01
IN  port 0x03DA, size 1, value 0x01
IN  port 0x03DA, size 1, value 0x01
IN  port 0x03DA, size 1, value 0x01
IN  port 0x03DA, size 1, value 0x01
IN  port 0x03DA, size 1, value 0x01
IN  port 0x03DA, size 1, value 0x01
IN  port 0x03DA, size 1, value 0x01
IN  port 0x03DA, size 1, value 0x01
IN  port 0x03DA, size 1, value 0x01
IN  port 0x03DA, size 1, value 0x01
IN  port 0x03DA, size 1, value 0x01
IN  port 0x03DA, size 1, value 0x01
IN  port 0x03DA, size 1, value 0x01
IN  port 0x03DA, size 1, value 0x01
IN  port 0x03DA, size 1, value 0x01
IN  port 0x03DA, size 1, value 0x01
IN  port 0x03DA, size 1, value 0x01
IN  port 0x03DA, size 1, value 0x01
IN  port 0x03DA, size 1, value 0x01
IN  port 0x03DA, size 1, value 0x01
IN  port 0x03DA, size 1, value 0x01
IN  port 0x03DA, size 1, value 0x01
IN  port 0x03DA, size 1, value 0x01
IN  port 0x03DA, size 1, value 0x01
IN  port 0x03DA, size 1, value 0x01
IN  port 0x03DA, size 1, value 0x01
IN  port 0x03DA, size 1, value 0x01
IN  port 0x03DA, size 1, value 0x01
IN  port 0x03DA, size 1, value 0x01
IN  port 0x03DA, size 1, value 0x01
IN  port 0x03DA, size 1, value 0x01
IN  port 0x03DA, size 1, value 0x01
IN  port 0x03DA, size 1, value 0x01
IN  port 0x03DA, size 1, value 0x01
IN  port 0x03DA, size 1, value 0x01
IN  port 0x03DA, size 1, value 0x01
IN  port 0x03DA, size 1, value 0x01
IN  port 0x03DA, size 1, value 0x01
IN  port 0x03DA, size 1, value 0x01
IN  port 0x03DA, size 1, value 0x01
IN  port 0x03DA, size 1, value 0x01
IN  port 0x03DA, size 1, value 0x01
IN  port 0x03DA, size 1, value 0x01
IN  port 0x03DA, size 1, value 0x01
IN  port 0x03DA, size 1, value 0x01
IN  port 0x03DA, size 1, value 0x01
IN  port 0x03DA, size 1, value 0x01
IN  port 0x03DA, size 1, value 0x01
IN  port 0x03DA, size 1, value 0x01
IN  port 0x03DA, size 1, value 0x01
IN  port 0x03DA, size 1, value 0x01
IN  port 0x03DA, size 1, value 0x01
IN  port 0x03DA, size 1, value 0x01
IN  port 0x03DA, size 1, value 0x01
IN  port 0x03DA, size 1, value 0x01
IN  port 0x03DA, size 1, value 0x01
IN  port 0x03DA, size 1, value 0x01
IN  port 0x03DA, size 1, value 0x01
IN  port 0x03DA, size 1, value 0x01
IN  port 0x03DA, size 1, value 0x01
IN  port 0x03DA, size 1, value 0x01
IN  port 0x03DA, size 1, value 0x01
IN  port 0x03DA, size 1, value 0x01
IN  port 0x03DA, size 1, value 0x01
IN  port 0x03DA, size 1, value 0x01
IN  port 0x03DA, size 1, value 0x01
IN  port 0x03DA, size 1, value 0x01
IN  port 0x03DA, size 1, value 0x01
IN  port 0x03DA, size 1, value 0x01
IN  port 0x03DA, size 1, value 0x01
IN  port 0x03DA, size 1, value 0x01
IN  port 0x03DA, size 1, value 0x01
IN  port 0x03DA, size 1, value 0x01
IN  port 0x03DA, size 1, value 0x01
IN  port 0x03DA, size 1, value 0x01
IN  port 0x03DA, size 1, value 0x01
IN  port 0x03DA, size 1, value 0x01
IN  port 0x03DA, size 1, value 0x01
IN  port 0x03DA, size 1, value 0x01
IN  port 0x03DA, size 1, value 0x01
IN  port 0x03DA, size 1, value 0x01
IN  port 0x03DA, size 1, value 0x01
IN  port 0x03DA, size 1, value 0x01
IN  port 0x03DA, size 1, value 0x01
IN  port 0x03DA, size 1, value 0x01
IN  port 0x03DA, size 1, value 0x01
IN  port 0x03DA, size 1, value 0x01
IN  port 0x03DA, size 1, value 0x01
IN  port 0x03DA, size 1, value 0x01
IN  port 0x03DA, size 1, value 0x01
IN  port 0x03DA, size 1, value 0x01
IN  port 0x03DA, size 1, value 0x01
IN  port 0x03DA, size 1, value 0x01
IN  port 0x03DA, size 1, value 0x01
IN  port 0x03DA, size 1, value 0x01
IN  port 0x03DA, size 1, value 0x01
IN  port 0x03DA, size 1, value 0x01
IN  port 0x03DA, size 1, value 0x01
IN  port 0x03DA, size 1, value 0x01
IN  port 0x03DA, size 1, value 0x01
IN  port 0x03DA, size 1, value 0x01
IN  port 0x03DA, size 1, value 0x01
IN  port 0x03DA, size 1, value 0x01
IN  port 0x03DA, size 1, value 0x01
IN  port 0x03DA, size 1, value 0x01
IN  port 0x03DA, size 1, value 0x01
IN  port 0x03DA, size 1, value 0x01
IN  port 0x03DA, size 1, value 0x01
IN  port 0x03DA, size 1, value 0x01
IN  port 0x03DA, size 1, value 0x01
IN  port 0x03DA, size 1, value 0x01
IN  port 0x03DA, size 1, value 0x01
IN  port 0x03DA, size 1, value 0x01
IN  port 0x03DA, size 1, value 0x01
IN  port 0x03DA, size 1, value 0x01
IN  port 0x03DA, size 1, value 0x01
IN  port 0x03DA, size 1, value 0x01
IN  port 0x03DA, size 1, value 0x01
IN  port 0x03DA, size 1, value 0x01
IN  port 0x03DA, size 1, value 0x01
IN  port 0x03DA, size 1, value 0x01
IN  port 0x03DA, size 1, value 0x01
IN  port 0x03DA, size 1, value 0x01
IN  port 0x03DA, size 1, value 0x01
IN  port 0x03DA, size 1, value 0x01
IN  port 0x03DA, size 1, value 0x01
IN  port 0x03DA, size 1, value 0x01
IN  port 0x03DA, size 1, value 0x01
IN  port 0x03DA, size 1, value 0x01
IN  port 0x03DA, size 1, value 0x01
IN  port 0x03DA, size 1, value 0x01
IN  port 0x03DA, size 1, value 0x01
IN  port 0x03DA, size 1, value 0x01
IN  port 0x03DA, size 1, value 0x01
IN  port 0x03DA, size 1, value 0x01
IN  port 0x03DA, size 1, value 0x01
IN  port 0x03DA, size 1, value 0x01
IN  port 0x03DA, size 1, value 0x01
IN  port 0x03DA, size 1, value 0x01
IN  port 0x03DA, size 1, value 0x01
IN  port 0x03DA, size 1, value 0x01
IN  port 0x03DA, size 1, value 0x01
IN  port 0x03DA, size 1, value 0x01
IN  port 0x03DA, size 1, value 0x01
IN  port 0x03DA, size 1, value 0x01
IN  port 0x03DA, size 1, value 0x01
IN  port 0x03DA, size 1, value 0x01
IN  port 0x03DA, size 1, value 0x01
IN  port 0x03DA, size 1, value 0x01
IN  port 0x03DA, size 1, value 0x01
IN  port 0x03DA, size 1, value 0x01
IN  port 0x03DA, size 1, value 0x01
IN  port 0x03DA, size 1, value 0x01
IN  port 0x03DA, size 1, value 0x01
IN  port 0x03DA, size 1, value 0x01
IN  port 0x03DA, size 1, value 0x01
IN  port 0x03DA, size 1, value 0x01
IN  port 0x03DA, size 1, value 0x01
IN  port 0x03DA, size 1, value 0x01
IN  port 0x03DA, size 1, value 0x01
IN  port 0x03DA, size 1, value 0x01
IN  port 0x03DA, size 1, value 0x01
IN  port 0x03DA, size 1, value 0x01
IN  port 0x03DA, size 1, value 0x01
IN  port 0x03DA, size 1, value 0x01
IN  port 0x03DA, size 1, value 0x01
IN  port 0x03DA, size 1, value 0x01
IN  port 0x03DA, size 1, value 0x01
IN  port 0x03DA, size 1, value 0x01
IN  port 0x03DA, size 1, value 0x01
IN  port 0x03DA, size 1, value 0x01
IN  port 0x03DA, size 1, value 0x01
IN  port 0x03DA, size 1, value 0x01
IN  port 0x03DA, size 1, value 0x01
IN  port 0x03DA, size 1, value 0x01
IN  port 0x03DA, size 1, value 0x01
IN  port 0x03DA, size 1, value 0x01
IN  port 0x03DA, size 1, value 0x01
IN  port 0x03DA, size 1, value 0x01
IN  port 0x03DA, size 1, value 0x01
IN  port 0x03DA, size 1, value 0x01
IN  port 0x03DA, size 1, value 0x01
IN  port 0x03DA, size 1, value 0x01
IN  port 0x03DA, size 1, value 0x01
IN  port 0x03DA, size 1, value 0x01
IN  port 0x03DA, size 1, value 0x01
IN  port 0x03DA, size 1, value 0x01
IN  port 0x03DA, size 1, value 0x01
IN  port 0x03DA, size 1, value 0x01
IN  port 0x03DA, size 1, value 0x01
IN  port 0x03DA, size 1, value 0x01
IN  port 0x03DA, size 1, value 0x01
IN  port 0x03DA, size 1, value 0x01
IN  port 0x03DA, size 1, value 0x01
IN  port 0x03DA, size 1, value 0x01
IN  port 0x03DA, size 1, value 0x01
IN  port 0x03DA, size 1, value 0x01
IN  port 0x03DA, size 1, value 0x01
IN  port 0x03DA, size 1, value 0x01
IN  port 0x03DA, size 1, value 0x01
IN  port 0x03DA, size 1, value 0x01
IN  port 0x03DA, size 1, value 0x01
IN  port 0x03DA, size 1, value 0x01
IN  port 0x03DA, size 1, value 0x01
IN  port 0x03DA, size 1, value 0x01
IN  port 0x03DA, size 1, value 0x01
IN  port 0x03DA, size 1, value 0x01
IN  port 0x03DA, size 1, value 0x01
IN  port 0x03DA, size 1, value 0x01
IN  port 0x03DA, size 1, value 0x01
IN  port 0x03DA, size 1, value 0x01
IN  port 0x03DA, size 1, value 0x01
IN  port 0x03DA, size 1, value 0x01
IN  port 0x03DA, size 1, value 0x01
IN  port 0x03DA, size 1, value 0x01
IN  port 0x03DA, size 1, value 0x01
IN  port 0x03DA, size 1, value 0x01
IN  port 0x03DA, size 1, value 0x01
IN  port 0x03DA, size 1, value 0x01
IN  port 0x03DA, size 1, value 0x01
IN  port 0x03DA, size 1, value 0x01
IN  port 0x03DA, size 1, value 0x01
IN  port 0x03DA, size 1, value 0x01
IN  port 0x03DA, size 1, value 0x01
IN  port 0x03DA, size 1, value 0x01
IN  port 0x03DA, size 1, value 0x01
IN  port 0x03DA, size 1, value 0x01
IN  port 0x03DA, size 1, value 0x01
IN  port 0x03DA, size 1, value 0x01
IN  port 0x03DA, size 1, value 0x01
IN  port 0x03DA, size 1, value 0x01
IN  port 0x03DA, size 1, value 0x01
IN  port 0x03DA, size 1, value 0x01
IN  port 0x03DA, size 1, value 0x01
IN  port 0x03DA, size 1, value 0x01
IN  port 0x03DA, size 1, value 0x01
IN  port 0x03DA, size 1, value 0x01
IN  port 0x03DA, size 1, value 0x01
IN  port 0x03DA, size 1, value 0x01
IN  port 0x03DA, size 1, value 0x01
IN  port 0x03DA, size 1, value 0x01
IN  port 0x03DA, size 1, value 0x01
IN  port 0x03DA, size 1, value 0x01
IN  port 0x03DA, size 1, value 0x01
IN  port 0x03DA, size 1, value 0x01
IN  port 0x03DA, size 1, value 0x01
IN  port 0x03DA, size 1, value 0x01
IN  port 0x03DA, size 1, value 0x01
IN  port 0x03DA, size 1, value 0x01
IN  port 0x03DA, size 1, value 0x01
IN  port 0x03DA, size 1, value 0x01
IN  port 0x03DA, size 1, value 0x01
IN  port 0x03DA, size 1, value 0x01
IN  port 0x03DA, size 1, value 0x01
IN  port 0x03DA, size 1, value 0x01
IN  port 0x03DA, size 1, value 0x01
IN  port 0x03DA, size 1, value 0x01
IN  port 0x03DA, size 1, value 0x01
IN  port 0x03DA, size 1, value 0x01
IN  port 0x03DA, size 1, value 0x01
IN  port 0x03DA, size 1, value 0x01
IN  port 0x03DA, size 1, value 0x01
IN  port 0x03DA, size 1, value 0x01
IN  port 0x03DA, size 1, value 0x01
IN  port 0x03DA, size 1, value 0x01
IN  port 0x03DA, size 1, value 0x01
IN  port 0x03DA, size 1, value 0x01
IN  port 0x03DA, size 1, value 0x00
OUT port 0x03D8, size 1, value 0x00
OUT port 0x03D4, size 1, value 0x00
OUT port 0x03D5, size 1, value 0x71
OUT port 0x03D4, size 1, value 0x01
OUT port 0x03D5, size 1, value 0x50
OUT port 0x03D4, size 1, value 0x02
OUT port 0x03D5, size 1, value 0x5A
OUT port 0x03D4, size 1, value 0x03
OUT port 0x03D5, size 1, value 0x0A
OUT port 0x03D4, size 1, value 0x04
OUT port 0x03D5, size 1, value 0x1F
OUT port 0x03D4, size 1, value 0x05
OUT port 0x03D5, size 1, value 0x06
OUT port 0x03D4, size 1, value 0x06
OUT port 0x03D5, size 1, value 0x19
OUT port 0x03D4, size 1, value 0x07
OUT port 0x03D5, size 1, value 0x1C
OUT port 0x03D4, size 1, value 0x08
OUT port 0x03D5, size 1, value 0x02
OUT port 0x03D4, size 1, value 0x09
OUT port 0x03D5, size 1, value 0x07
OUT port 0x03D4, size 1, value 0x0A
OUT port 0x03D5, size 1, value 0x06
OUT port 0x03D4, size 1, value 0x0B
OUT port 0x03D5, size 1, value 0x07
OUT port 0x03D4, size 1, value 0x0C
OUT port 0x03D5, size 1, value 0x00
OUT port 0x03D4, size 1, value 0x0D
OUT port 0x03D5, size 1, value 0x00
OUT port 0x03D4, size 1, value 0x0E
OUT port 0x03D5, size 1, value 0x00
OUT port 0x03D4, size 1, value 0x0F
OUT port 0x03D5, size 1, value 0x00
OUT port 0x03D8, size 1, value 0x29
OUT port 0x03D9, size 1, value 0x30
OUT port 0x03D4, size 1, value 0x0E
OUT port 0x03D5, size 1, value 0x06
OUT port 0x03D4, size 1, value 0x0F
OUT port 0x03D5, size 1, value 0xE0
IN  port 0x03DA, size 1, value 0x01
IN  port 0x03DA, size 1, value 0x01
IN  port 0x03DA, size 1, value 0x01
IN  port 0x03DA, size 1, value 0x01
IN  port 0x03DA, size 1, value 0x01
IN  port 0x03DA, size 1, value 0x01
IN  port 0x03DA, size 1, value 0x01
IN  port 0x03DA, size 1, value 0x01
IN  port 0x03DA, size 1, value 0x01
IN  port 0x03DA, size 1, value 0x01
IN  port 0x03DA, size 1, value 0x01
IN  port 0x03DA, size 1, value 0x01
IN  port 0x03DA, size 1, value 0x01
IN  port 0x03DA, size 1, value 0x01
IN  port 0x03DA, size 1, value 0x01
IN  port 0x03DA, size 1, value 0x01
IN  port 0x03DA, size 1, value 0x01
IN  port 0x03DA, size 1, value 0x01
IN  port 0x03DA, size 1, value 0x01
IN  port 0x03DA, size 1, value 0x01
IN  port 0x03DA, size 1, value 0x01
IN  port 0x03DA, size 1, value 0x01
IN  port 0x03DA, size 1, value 0x01
IN  port 0x03DA, size 1, value 0x01
IN  port 0x03DA, size 1, value 0x01
IN  port 0x03DA, size 1, value 0x01
IN  port 0x03DA, size 1, value 0x01
IN  port 0x03DA, size 1, value 0x01
IN  port 0x03DA, size 1, value 0x01
IN  port 0x03DA, size 1, value 0x01
IN  port 0x03DA, size 1, value 0x01
IN  port 0x03DA, size 1, value 0x01
IN  port 0x03DA, size 1, value 0x01
IN  port 0x03DA, size 1, value 0x00
IN  port 0x03DA, size 1, value 0x00
IN  port 0x03DA, size 1, value 0x00
IN  port 0x03DA, size 1, value 0x00
IN  port 0x03DA, size 1, value 0x00
IN  port 0x03DA, size 1, value 0x00
IN  port 0x03DA, size 1, value 0x00
IN  port 0x03DA, size 1, value 0x00
IN  port 0x03DA, size 1, value 0x00
IN  port 0x03DA, size 1, value 0x00
IN  port 0x03DA, size 1, value 0x00
IN  port 0x03DA, size 1, value 0x00
IN  port 0x03DA, size 1, value 0x01
OUT port 0x03D4, size 1, value 0x0E
OUT port 0x03D5, size 1, value 0x06
OUT port 0x03D4, size 1, value 0x0F
OUT port 0x03D5, size 1, value 0xE1
IN  port 0x03DA, size 1, value 0x00
IN  port 0x03DA, size 1, value 0x00
IN  port 0x03DA, size 1, value 0x00
IN  port 0x03DA, size 1, value 0x00
IN  port 0x03DA, size 1, value 0x01
OUT port 0x03D4, size 1, value 0x0E
OUT port 0x03D5, size 1, value 0x06
OUT port 0x03D4, size 1, value 0x0F
OUT port 0x03D5, size 1, value 0xE2
IN  port 0x03DA, size 1, value 0x00
IN  port 0x03DA, size 1, value 0x00
IN  port 0x03DA, size 1, value 0x00
IN  port 0x03DA, size 1, value 0x00
IN  port 0x03DA, size 1, value 0x00
IN  port 0x03DA, size 1, value 0x01
OUT port 0x03D4, size 1, value 0x0E
OUT port 0x03D5, size 1, value 0x06
OUT port 0x03D4, size 1, value 0x0F
OUT port 0x03D5, size 1, value 0xE3
IN  port 0x03DA, size 1, value 0x00
IN  port 0x03DA, size 1, value 0x00
IN  port 0x03DA, size 1, value 0x00
IN  port 0x03DA, size 1, value 0x00
IN  port 0x03DA, size 1, value 0x01
OUT port 0x03D4, size 1, value 0x0E
OUT port 0x03D5, size 1, value 0x06
OUT port 0x03D4, size 1, value 0x0F
OUT port 0x03D5, size 1, value 0xE4
IN  port 0x03DA, size 1, value 0x00
IN  port 0x03DA, size 1, value 0x00
IN  port 0x03DA, size 1, value 0x00
IN  port 0x03DA, size 1, value 0x00
IN  port 0x03DA, size 1, value 0x01
OUT port 0x03D4, size 1, value 0x0E
OUT port 0x03D5, size 1, value 0x06
OUT port 0x03D4, size 1, value 0x0F
OUT port 0x03D5, size 1, value 0xE5
IN  port 0x03DA, size 1, value 0x00
IN  port 0x03DA, size 1, value 0x00
IN  port 0x03DA, size 1, value 0x00
IN  port 0x03DA, size 1, value 0x00
IN  port 0x03DA, size 1, value 0x00
IN  port 0x03DA, size 1, value 0x01
OUT port 0x03D4, size 1, value 0x0E
OUT port 0x03D5, size 1, value 0x06
OUT port 0x03D4, size 1, value 0x0F
OUT port 0x03D5, size 1, value 0xE6
IN  port 0x03DA, size 1, value 0x00
IN  port 0x03DA, size 1, value 0x00
IN  port 0x03DA, size 1, value 0x00
IN  port 0x03DA, size 1, value 0x00
IN  port 0x03DA, size 1, value 0x01
OUT port 0x03D4, size 1, value 0x0E
OUT port 0x03D5, size 1, value 0x06
OUT port 0x03D4, size 1, value 0x0F
OUT port 0x03D5, size 1, value 0xE7
IN  port 0x03DA, size 1, value 0x00
IN  port 0x03DA, size 1, value 0x00
IN  port 0x03DA, size 1, value 0x00
IN  port 0x03DA, size 1, value 0x00
IN  port 0x03DA, size 1, value 0x00
IN  port 0x03DA, size 1, value 0x01
OUT port 0x03D4, size 1, value 0x0E
OUT port 0x03D5, size 1, value 0x06
OUT port 0x03D4, size 1, value 0x0F
OUT port 0x03D5, size 1, value 0xE8
IN  port 0x03DA, size 1, value 0x00
IN  port 0x03DA, size 1, value 0x00
IN  port 0x03DA, size 1, value 0x00
IN  port 0x03DA, size 1, value 0x00
IN  port 0x03DA, size 1, value 0x01
OUT port 0x03D4, size 1, value 0x0E
OUT port 0x03D5, size 1, value 0x06
OUT port 0x03D4, size 1, value 0x0F
OUT port 0x03D5, size 1, value 0xE9
IN  port 0x03DA, size 1, value 0x00
IN  port 0x03DA, size 1, value 0x00
IN  port 0x03DA, size 1, value 0x00
IN  port 0x03DA, size 1, value 0x00
IN  port 0x03DA, size 1, value 0x00
IN  port 0x03DA, size 1, value 0x01
OUT port 0x03D4, size 1, value 0x0E
OUT port 0x03D5, size 1, value 0x06
OUT port 0x03D4, size 1, value 0x0F
OUT port 0x03D5, size 1, value 0xEA
IN  port 0x03DA, size 1, value 0x00
IN  port 0x03DA, size 1, value 0x00
IN  port 0x03DA, size 1, value 0x00
IN  port 0x03DA, size 1, value 0x00
IN  port 0x03DA, size 1, value 0x01
OUT port 0x03D4, size 1, value 0x0E
OUT port 0x03D5, size 1, value 0x06
OUT port 0x03D4, size 1, value 0x0F
OUT port 0x03D5, size 1, value 0xEB
IN  port 0x03DA, size 1, value 0x00
IN  port 0x03DA, size 1, value 0x00
IN  port 0x03DA, size 1, value 0x00
IN  port 0x03DA, size 1, value 0x00
IN  port 0x03DA, size 1, value 0x00
IN  port 0x03DA, size 1, value 0x01
OUT port 0x03D4, size 1, value 0x0E
OUT port 0x03D5, size 1, value 0x06
OUT port 0x03D4, size 1, value 0x0F
OUT port 0x03D5, size 1, value 0xEC
IN  port 0x03DA, size 1, value 0x00
IN  port 0x03DA, size 1, value 0x00
IN  port 0x03DA, size 1, value 0x00
IN  port 0x03DA, size 1, value 0x00
IN  port 0x03DA, size 1, value 0x01
OUT port 0x03D4, size 1, value 0x0E
OUT port 0x03D5, size 1, value 0x06
OUT port 0x03D4, size 1, value 0x0F
OUT port 0x03D5, size 1, value 0xED
IN  port 0x03DA, size 1, value 0x00
IN  port 0x03DA, size 1, value 0x00
IN  port 0x03DA, size 1, value 0x00
IN  port 0x03DA, size 1, value 0x00
IN  port 0x03DA, size 1, value 0x01
OUT port 0x03D4, size 1, value 0x0E
OUT port 0x03D5, size 1, value 0x06
OUT port 0x03D4, size 1, value 0x0F
OUT port 0x03D5, size 1, value 0xEE
IN  port 0x03DA, size 1, value 0x00
IN  port 0x03DA, size 1, value 0x00
IN  port 0x03DA, size 1, value 0x00
IN  port 0x03DA, size 1, value 0x00
IN  port 0x03DA, size 1, value 0x00
IN  port 0x03DA, size 1, value 0x01
OUT port 0x03D4, size 1, value 0x0E
OUT port 0x03D5, size 1, value 0x06
OUT port 0x03D4, size 1, value 0x0F
OUT port 0x03D5, size 1, value 0xEF
IN  port 0x03DA, size 1, value 0x00
IN  port 0x03DA, size 1, value 0x00
IN  port 0x03DA, size 1, value 0x00
IN  port 0x03DA, size 1, value 0x00
IN  port 0x03DA, size 1, value 0x01
OUT port 0x03D4, size 1, value 0x0E
OUT port 0x03D5, size 1, value 0x06
OUT port 0x03D4, size 1, value 0x0F
OUT port 0x03D5, size 1, value 0xF0
IN  port 0x03DA, size 1, value 0x00
IN  port 0x03DA, size 1, value 0x00
IN  port 0x03DA, size 1, value 0x00
IN  port 0x03DA, size 1, value 0x00
IN  port 0x03DA, size 1, value 0x00
IN  port 0x03DA, size 1, value 0x01
OUT port 0x03D4, size 1, value 0x0E
OUT port 0x03D5, size 1, value 0x06
OUT port 0x03D4, size 1, value 0x0F
OUT port 0x03D5, size 1, value 0xF1
IN  port 0x03DA, size 1, value 0x00
IN  port 0x03DA, size 1, value 0x00
IN  port 0x03DA, size 1, value 0x00
IN  port 0x03DA, size 1, value 0x00
IN  port 0x03DA, size 1, value 0x01
OUT port 0x03D4, size 1, value 0x0E
OUT port 0x03D5, size 1, value 0x06
OUT port 0x03D4, size 1, value 0x0F
OUT port 0x03D5, size 1, value 0xF2
IN  port 0x03DA, size 1, value 0x00
IN  port 0x03DA, size 1, value 0x00
IN  port 0x03DA, size 1, value 0x00
IN  port 0x03DA, size 1, value 0x00
IN  port 0x03DA, size 1, value 0x00
IN  port 0x03DA, size 1, value 0x01
OUT port 0x03D4, size 1, value 0x0E
OUT port 0x03D5, size 1, value 0x06
OUT port 0x03D4, size 1, value 0x0F
OUT port 0x03D5, size 1, value 0xF3
IN  port 0x03DA, size 1, value 0x00
IN  port 0x03DA, size 1, value 0x00
IN  port 0x03DA, size 1, value 0x00
IN  port 0x03DA, size 1, value 0x00
IN  port 0x03DA, size 1, value 0x01
OUT port 0x03D4, size 1, value 0x0E
OUT port 0x03D5, size 1, value 0x06
OUT port 0x03D4, size 1, value 0x0F
OUT port 0x03D5, size 1, value 0xF4
IN  port 0x03DA, size 1, value 0x00
IN  port 0x03DA, size 1, value 0x00
IN  port 0x03DA, size 1, value 0x00
IN  port 0x03DA, size 1, value 0x00
IN  port 0x03DA, size 1, value 0x00
IN  port 0x03DA, size 1, value 0x01
OUT port 0x03D4, size 1, value 0x0E
OUT port 0x03D5, size 1, value 0x00
OUT port 0x03D4, size 1, value 0x0F
OUT port 0x03D5, size 1, value 0x00
OUT port 0x03D4, size 1, value 0x0E
OUT port 0x03D5, size 1, value 0x00
OUT port 0x03D4, size 1, value 0x0F
OUT port 0x03D5, size 1, value 0x00
OUT port 0x03D4, size 1, value 0x0E
OUT port 0x03D5, size 1, value 0x00
OUT port 0x03D4, size 1, value 0x0F
OUT port 0x03D5, size 1, value 0x50
IN  port 0x03DA, size 1, value 0x00
IN  port 0x03DA, size 1, value 0x00
IN  port 0x03DA, size 1, value 0x00
IN  port 0x03DA, size 1, value 0x00
IN  port 0x03DA, size 1, value 0x00
IN  port 0x03DA, size 1, value 0x00
IN  port 0x03DA, size 1, value 0x00
IN  port 0x03DA, size 1, value 0x00
IN  port 0x03DA, size 1, value 0x00
IN  port 0x03DA, size 1, value 0x01
OUT port 0x03D4, size 1, value 0x0E
OUT port 0x03D5, size 1, value 0x00
OUT port 0x03D4, size 1, value 0x0F
OUT port 0x03D5, size 1, value 0x51
IN  port 0x03DA, size 1, value 0x00
IN  port 0x03DA, size 1, value 0x00
IN  port 0x03DA, size 1, value 0x00
IN  port 0x03DA, size 1, value 0x00
IN  port 0x03DA, size 1, value 0x01
OUT port 0x03D4, size 1, value 0x0E
OUT port 0x03D5, size 1, value 0x00
OUT port 0x03D4, size 1, value 0x0F
OUT port 0x03D5, size 1, value 0x52
IN  port 0x03DA, size 1, value 0x00
IN  port 0x03DA, size 1, value 0x00
IN  port 0x03DA, size 1, value 0x00
IN  port 0x03DA, size 1, value 0x00
IN  port 0x03DA, size 1, value 0x01
OUT port 0x03D4, size 1, value 0x0E
OUT port 0x03D5, size 1, value 0x00
OUT port 0x03D4, size 1, value 0x0F
OUT port 0x03D5, size 1, value 0x53
IN  port 0x03DA, size 1, value 0x00
IN  port 0x03DA, size 1, value 0x00
IN  port 0x03DA, size 1, value 0x00
IN  port 0x03DA, size 1, value 0x01
OUT port 0x03D4, size 1, value 0x0E
OUT port 0x03D5, size 1, value 0x00
OUT port 0x03D4, size 1, value 0x0F
OUT port 0x03D5, size 1, value 0x54
IN  port 0x03DA, size 1, value 0x00
IN  port 0x03DA, size 1, value 0x00
IN  port 0x03DA, size 1, value 0x00
IN  port 0x03DA, size 1, value 0x00
IN  port 0x03DA, size 1, value 0x01
OUT port 0x03D4, size 1, value 0x0E
OUT port 0x03D5, size 1, value 0x00
OUT port 0x03D4, size 1, value 0x0F
OUT port 0x03D5, size 1, value 0x55
IN  port 0x03DA, size 1, value 0x00
IN  port 0x03DA, size 1, value 0x00
IN  port 0x03DA, size 1, value 0x00
IN  port 0x03DA, size 1, value 0x01
OUT port 0x03D4, size 1, value 0x0E
OUT port 0x03D5, size 1, value 0x00
OUT port 0x03D4, size 1, value 0x0F
OUT port 0x03D5, size 1, value 0x56
IN  port 0x03DA, size 1, value 0x00
IN  port 0x03DA, size 1, value 0x00
IN  port 0x03DA, size 1, value 0x00
IN  port 0x03DA, size 1, value 0x00
IN  port 0x03DA, size 1, value 0x01
OUT port 0x03D4, size 1, value 0x0E
OUT port 0x03D5, size 1, value 0x00
OUT port 0x03D4, size 1, value 0x0F
OUT port 0x03D5, size 1, value 0x57
IN  port 0x03DA, size 1, value 0x00
IN  port 0x03DA, size 1, value 0x00
IN  port 0x03DA, size 1, value 0x00
IN  port 0x03DA, size 1, value 0x01
OUT port 0x03D4, size 1, value 0x0E
OUT port 0x03D5, size 1, value 0x00
OUT port 0x03D4, size 1, value 0x0F
OUT port 0x03D5, size 1, value 0x58
IN  port 0x03DA, size 1, value 0x00
IN  port 0x03DA, size 1, value 0x00
IN  port 0x03DA, size 1, value 0x00
IN  port 0x03DA, size 1, value 0x00
IN  port 0x03DA, size 1, value 0x01
OUT port 0x03D4, size 1, value 0x0E
OUT port 0x03D5, size 1, value 0x00
OUT port 0x03D4, size 1, value 0x0F
OUT port 0x03D5, size 1, value 0x59
IN  port 0x03DA, size 1, value 0x00
IN  port 0x03DA, size 1, value 0x00
IN  port 0x03DA, size 1, value 0x00
IN  port 0x03DA, size 1, value 0x01
OUT port 0x03D4, size 1, value 0x0E
OUT port 0x03D5, size 1, value 0x00
OUT port 0x03D4, size 1, value 0x0F
OUT port 0x03D5, size 1, value 0x5A
IN  port 0x03DA, size 1, value 0x00
IN  port 0x03DA, size 1, value 0x00
IN  port 0x03DA, size 1, value 0x00
IN  port 0x03DA, size 1, value 0x00
IN  port 0x03DA, size 1, value 0x01
OUT port 0x03D4, size 1, value 0x0E
OUT port 0x03D5, size 1, value 0x00
OUT port 0x03D4, size 1, value 0x0F
OUT port 0x03D5, size 1, value 0x5B
IN  port 0x03DA, size 1, value 0x01
IN  port 0x03DA, size 1, value 0x01
IN  port 0x03DA, size 1, value 0x01
IN  port 0x03DA, size 1, value 0x01
IN  port 0x03DA, size 1, value 0x01
IN  port 0x03DA, size 1, value 0x01
IN  port 0x03DA, size 1, value 0x01
IN  port 0x03DA, size 1, value 0x01
IN  port 0x03DA, size 1, value 0x01
IN  port 0x03DA, size 1, value 0x01
IN  port 0x03DA, size 1, value 0x01
IN  port 0x03DA, size 1, value 0x01
IN  port 0x03DA, size 1, value 0x01
IN  port 0x03DA, size 1, value 0x01
IN  port 0x03DA, size 1, value 0x01
IN  port 0x03DA, size 1, value 0x01
IN  port 0x03DA, size 1, value 0x01
IN  port 0x03DA, size 1, value 0x01
IN  port 0x03DA, size 1, value 0x01
IN  port 0x03DA, size 1, value 0x01
IN  port 0x03DA, size 1, value 0x01
IN  port 0x03DA, size 1, value 0x01
IN  port 0x03DA, size 1, value 0x01
IN  port 0x03DA, size 1, value 0x01
IN  port 0x03DA, size 1, value 0x01
IN  port 0x03DA, size 1, value 0x01
IN  port 0x03DA, size 1, value 0x01
IN  port 0x03DA, size 1, value 0x01
IN  port 0x03DA, size 1, value 0x01
IN  port 0x03DA, size 1, value 0x01
IN  port 0x03DA, size 1, value 0x01
IN  port 0x03DA, size 1, value 0x01
IN  port 0x03DA, size 1, value 0x01
IN  port 0x03DA, size 1, value 0x01
IN  port 0x03DA, size 1, value 0x01
IN  port 0x03DA, size 1, value 0x01
IN  port 0x03DA, size 1, value 0x01
IN  port 0x03DA, size 1, value 0x01
IN  port 0x03DA, size 1, value 0x01
IN  port 0x03DA, size 1, value 0x01
IN  port 0x03DA, size 1, value 0x01
IN  port 0x03DA, size 1, value 0x01
IN  port 0x03DA, size 1, value 0x01
IN  port 0x03DA, size 1, value 0x01
IN  port 0x03DA, size 1, value 0x01
IN  port 0x03DA, size 1, value 0x01
IN  port 0x03DA, size 1, value 0x01
IN  port 0x03DA, size 1, value 0x01
IN  port 0x03DA, size 1, value 0x01
IN  port 0x03DA, size 1, value 0x01
IN  port 0x03DA, size 1, value 0x01
IN  port 0x03DA, size 1, value 0x01
IN  port 0x03DA, size 1, value 0x01
IN  port 0x03DA, size 1, value 0x01
IN  port 0x03DA, size 1, value 0x01
IN  port 0x03DA, size 1, value 0x01
IN  port 0x03DA, size 1, value 0x01
IN  port 0x03DA, size 1, value 0x01
IN  port 0x03DA, size 1, value 0x01
IN  port 0x03DA, size 1, value 0x01
IN  port 0x03DA, size 1, value 0x01
IN  port 0x03DA, size 1, value 0x01
IN  port 0x03DA, size 1, value 0x01
IN  port 0x03DA, size 1, value 0x01
IN  port 0x03DA, size 1, value 0x01
IN  port 0x03DA, size 1, value 0x01
IN  port 0x03DA, size 1, value 0x01
IN  port 0x03DA, size 1, value 0x01
IN  port 0x03DA, size 1, value 0x01
IN  port 0x03DA, size 1, value 0x01
IN  port 0x03DA, size 1, value 0x01
IN  port 0x03DA, size 1, value 0x01
IN  port 0x03DA, size 1, value 0x01
IN  port 0x03DA, size 1, value 0x01
IN  port 0x03DA, size 1, value 0x01
IN  port 0x03DA, size 1, value 0x01
IN  port 0x03DA, size 1, value 0x01
IN  port 0x03DA, size 1, value 0x01
IN  port 0x03DA, size 1, value 0x01
IN  port 0x03DA, size 1, value 0x01
IN  port 0x03DA, size 1, value 0x01
IN  port 0x03DA, size 1, value 0x01
IN  port 0x03DA, size 1, value 0x01
IN  port 0x03DA, size 1, value 0x01
IN  port 0x03DA, size 1, value 0x01
IN  port 0x03DA, size 1, value 0x01
IN  port 0x03DA, size 1, value 0x01
IN  port 0x03DA, size 1, value 0x01
IN  port 0x03DA, size 1, value 0x01
IN  port 0x03DA, size 1, value 0x01
IN  port 0x03DA, size 1, value 0x01
IN  port 0x03DA, size 1, value 0x01
IN  port 0x03DA, size 1, value 0x01
IN  port 0x03DA, size 1, value 0x01
IN  port 0x03DA, size 1, value 0x01
IN  port 0x03DA, size 1, value 0x01
IN  port 0x03DA, size 1, value 0x01
IN  port 0x03DA, size 1, value 0x01
IN  port 0x03DA, size 1, value 0x01
IN  port 0x03DA, size 1, value 0x01
IN  port 0x03DA, size 1, value 0x01
IN  port 0x03DA, size 1, value 0x01
IN  port 0x03DA, size 1, value 0x01
IN  port 0x03DA, size 1, value 0x01
IN  port 0x03DA, size 1, value 0x01
IN  port 0x03DA, size 1, value 0x01
IN  port 0x03DA, size 1, value 0x01
IN  port 0x03DA, size 1, value 0x01
IN  port 0x03DA, size 1, value 0x01
IN  port 0x03DA, size 1, value 0x01
IN  port 0x03DA, size 1, value 0x01
IN  port 0x03DA, size 1, value 0x01
IN  port 0x03DA, size 1, value 0x01
IN  port 0x03DA, size 1, value 0x01
IN  port 0x03DA, size 1, value 0x01
IN  port 0x03DA, size 1, value 0x01
IN  port 0x03DA, size 1, value 0x01
IN  port 0x03DA, size 1, value 0x01
IN  port 0x03DA, size 1, value 0x01
IN  port 0x03DA, size 1, value 0x01
IN  port 0x03DA, size 1, value 0x01
IN  port 0x03DA, size 1, value 0x01
IN  port 0x03DA, size 1, value 0x01
IN  port 0x03DA, size 1, value 0x01
IN  port 0x03DA, size 1, value 0x01
IN  port 0x03DA, size 1, value 0x01
IN  port 0x03DA, size 1, value 0x01
IN  port 0x03DA, size 1, value 0x01
IN  port 0x03DA, size 1, value 0x01
IN  port 0x03DA, size 1, value 0x01
IN  port 0x03DA, size 1, value 0x01
IN  port 0x03DA, size 1, value 0x01
IN  port 0x03DA, size 1, value 0x01
IN  port 0x03DA, size 1, value 0x01
IN  port 0x03DA, size 1, value 0x01
IN  port 0x03DA, size 1, value 0x01
IN  port 0x03DA, size 1, value 0x01
IN  port 0x03DA, size 1, value 0x01
IN  port 0x03DA, size 1, value 0x01
IN  port 0x03DA, size 1, value 0x01
IN  port 0x03DA, size 1, value 0x01
IN  port 0x03DA, size 1, value 0x01
IN  port 0x03DA, size 1, value 0x01
IN  port 0x03DA, size 1, value 0x01
IN  port 0x03DA, size 1, value 0x01
IN  port 0x03DA, size 1, value 0x01
IN  port 0x03DA, size 1, value 0x01
IN  port 0x03DA, size 1, value 0x01
IN  port 0x03DA, size 1, value 0x01
IN  port 0x03DA, size 1, value 0x01
IN  port 0x03DA, size 1, value 0x01
IN  port 0x03DA, size 1, value 0x01
IN  port 0x03DA, size 1, value 0x01
IN  port 0x03DA, size 1, value 0x01
IN  port 0x03DA, size 1, value 0x01
IN  port 0x03DA, size 1, value 0x01
IN  port 0x03DA, size 1, value 0x01
IN  port 0x03DA, size 1, value 0x01
IN  port 0x03DA, size 1, value 0x01
IN  port 0x03DA, size 1, value 0x01
IN  port 0x03DA, size 1, value 0x01
IN  port 0x03DA, size 1, value 0x01
IN  port 0x03DA, size 1, value 0x01
IN  port 0x03DA, size 1, value 0x01
IN  port 0x03DA, size 1, value 0x01
IN  port 0x03DA, size 1, value 0x01
IN  port 0x03DA, size 1, value 0x01
IN  port 0x03DA, size 1, value 0x01
IN  port 0x03DA, size 1, value 0x01
IN  port 0x03DA, size 1, value 0x01
IN  port 0x03DA, size 1, value 0x01
IN  port 0x03DA, size 1, value 0x01
IN  port 0x03DA, size 1, value 0x01
IN  port 0x03DA, size 1, value 0x01
IN  port 0x03DA, size 1, value 0x01
IN  port 0x03DA, size 1, value 0x01
IN  port 0x03DA, size 1, value 0x01
IN  port 0x03DA, size 1, value 0x01
IN  port 0x03DA, size 1, value 0x01
IN  port 0x03DA, size 1, value 0x01
IN  port 0x03DA, size 1, value 0x01
IN  port 0x03DA, size 1, value 0x01
IN  port 0x03DA, size 1, value 0x01
IN  port 0x03DA, size 1, value 0x01
IN  port 0x03DA, size 1, value 0x01
IN  port 0x03DA, size 1, value 0x01
IN  port 0x03DA, size 1, value 0x01
IN  port 0x03DA, size 1, value 0x01
IN  port 0x03DA, size 1, value 0x01
IN  port 0x03DA, size 1, value 0x01
IN  port 0x03DA, size 1, value 0x01
IN  port 0x03DA, size 1, value 0x01
IN  port 0x03DA, size 1, value 0x01
IN  port 0x03DA, size 1, value 0x01
IN  port 0x03DA, size 1, value 0x01
IN  port 0x03DA, size 1, value 0x01
IN  port 0x03DA, size 1, value 0x01
IN  port 0x03DA, size 1, value 0x01
IN  port 0x03DA, size 1, value 0x01
IN  port 0x03DA, size 1, value 0x01
IN  port 0x03DA, size 1, value 0x01
IN  port 0x03DA, size 1, value 0x01
IN  port 0x03DA, size 1, value 0x01
IN  port 0x03DA, size 1, value 0x01
IN  port 0x03DA, size 1, value 0x01
IN  port 0x03DA, size 1, value 0x01
IN  port 0x03DA, size 1, value 0x01
IN  port 0x03DA, size 1, value 0x01
IN  port 0x03DA, size 1, value 0x01
IN  port 0x03DA, size 1, value 0x01
IN  port 0x03DA, size 1, value 0x01
IN  port 0x03DA, size 1, value 0x01
IN  port 0x03DA, size 1, value 0x01
IN  port 0x03DA, size 1, value 0x01
IN  port 0x03DA, size 1, value 0x01
IN  port 0x03DA, size 1, value 0x01
IN  port 0x03DA, size 1, value 0x01
IN  port 0x03DA, size 1, value 0x01
IN  port 0x03DA, size 1, value 0x01
IN  port 0x03DA, size 1, value 0x01
IN  port 0x03DA, size 1, value 0x01
IN  port 0x03DA, size 1, value 0x01
IN  port 0x03DA, size 1, value 0x01
IN  port 0x03DA, size 1, value 0x01
IN  port 0x03DA, size 1, value 0x01
IN  port 0x03DA, size 1, value 0x01
IN  port 0x03DA, size 1, value 0x01
IN  port 0x03DA, size 1, value 0x01
IN  port 0x03DA, size 1, value 0x01
IN  port 0x03DA, size 1, value 0x01
IN  port 0x03DA, size 1, value 0x01
IN  port 0x03DA, size 1, value 0x01
IN  port 0x03DA, size 1, value 0x01
IN  port 0x03DA, size 1, value 0x01
IN  port 0x03DA, size 1, value 0x01
IN  port 0x03DA, size 1, value 0x01
IN  port 0x03DA, size 1, value 0x01
IN  port 0x03DA, size 1, value 0x01
IN  port 0x03DA, size 1, value 0x01
IN  port 0x03DA, size 1, value 0x01
IN  port 0x03DA, size 1, value 0x01
IN  port 0x03DA, size 1, value 0x01
IN  port 0x03DA, size 1, value 0x01
IN  port 0x03DA, size 1, value 0x01
IN  port 0x03DA, size 1, value 0x01
IN  port 0x03DA, size 1, value 0x01
IN  port 0x03DA, size 1, value 0x01
IN  port 0x03DA, size 1, value 0x01
IN  port 0x03DA, size 1, value 0x01
IN  port 0x03DA, size 1, value 0x01
IN  port 0x03DA, size 1, value 0x01
IN  port 0x03DA, size 1, value 0x01
IN  port 0x03DA, size 1, value 0x01
IN  port 0x03DA, size 1, value 0x01
IN  port 0x03DA, size 1, value 0x01
IN  port 0x03DA, size 1, value 0x01
IN  port 0x03DA, size 1, value 0x01
IN  port 0x03DA, size 1, value 0x01
IN  port 0x03DA, size 1, value 0x01
IN  port 0x03DA, size 1, value 0x01
IN  port 0x03DA, size 1, value 0x01
IN  port 0x03DA, size 1, value 0x01
IN  port 0x03DA, size 1, value 0x01
IN  port 0x03DA, size 1, value 0x01
IN  port 0x03DA, size 1, value 0x01
IN  port 0x03DA, size 1, value 0x01
IN  port 0x03DA, size 1, value 0x01
IN  port 0x03DA, size 1, value 0x01
IN  port 0x03DA, size 1, value 0x01
IN  port 0x03DA, size 1, value 0x01
IN  port 0x03DA, size 1, value 0x01
IN  port 0x03DA, size 1, value 0x01
IN  port 0x03DA, size 1, value 0x01
IN  port 0x03DA, size 1, value 0x01
IN  port 0x03DA, size 1, value 0x01
IN  port 0x03DA, size 1, value 0x01
IN  port 0x03DA, size 1, value 0x01
IN  port 0x03DA, size 1, value 0x01
IN  port 0x03DA, size 1, value 0x01
IN  port 0x03DA, size 1, value 0x01
IN  port 0x03DA, size 1, value 0x01
IN  port 0x03DA, size 1, value 0x01
IN  port 0x03DA, size 1, value 0x01
IN  port 0x03DA, size 1, value 0x01
IN  port 0x03DA, size 1, value 0x01
IN  port 0x03DA, size 1, value 0x01
IN  port 0x03DA, size 1, value 0x01
IN  port 0x03DA, size 1, value 0x01
IN  port 0x03DA, size 1, value 0x01
IN  port 0x03DA, size 1, value 0x01
IN  port 0x03DA, size 1, value 0x01
IN  port 0x03DA, size 1, value 0x01
IN  port 0x03DA, size 1, value 0x01
IN  port 0x03DA, size 1, value 0x01
IN  port 0x03DA, size 1, value 0x01
IN  port 0x03DA, size 1, value 0x01
IN  port 0x03DA, size 1, value 0x01
IN  port 0x03DA, size 1, value 0x01
IN  port 0x03DA, size 1, value 0x01
IN  port 0x03DA, size 1, value 0x01
IN  port 0x03DA, size 1, value 0x01
IN  port 0x03DA, size 1, value 0x01
IN  port 0x03DA, size 1, value 0x01
IN  port 0x03DA, size 1, value 0x01
IN  port 0x03DA, size 1, value 0x01
IN  port 0x03DA, size 1, value 0x01
IN  port 0x03DA, size 1, value 0x01
IN  port 0x03DA, size 1, value 0x01
IN  port 0x03DA, size 1, value 0x09
IN  port 0x03DA, size 1, value 0x09
IN  port 0x03DA, size 1, value 0x09
IN  port 0x03DA, size 1, value 0x09
IN  port 0x03DA, size 1, value 0x09
IN  port 0x03DA, size 1, value 0x09
IN  port 0x03DA, size 1, value 0x09
IN  port 0x03DA, size 1, value 0x09
IN  port 0x03DA, size 1, value 0x09
IN  port 0x03DA, size 1, value 0x09
IN  port 0x03DA, size 1, value 0x09
IN  port 0x03DA, size 1, value 0x09
IN  port 0x03DA, size 1, value 0x09
IN  port 0x03DA, size 1, value 0x09
IN  port 0x03DA, size 1, value 0x09
IN  port 0x03DA, size 1, value 0x09
IN  port 0x03DA, size 1, value 0x09
IN  port 0x03DA, size 1, value 0x09
IN  port 0x03DA, size 1, value 0x09
IN  port 0x03DA, size 1, value 0x09
IN  port 0x03DA, size 1, value 0x09
IN  port 0x03DA, size 1, value 0x09
IN  port 0x03DA, size 1, value 0x09
IN  port 0x03DA, size 1, value 0x09
IN  port 0x03DA, size 1, value 0x09
IN  port 0x03DA, size 1, value 0x09
IN  port 0x03DA, size 1, value 0x09
IN  port 0x03DA, size 1, value 0x09
IN  port 0x03DA, size 1, value 0x09
IN  port 0x03DA, size 1, value 0x09
IN  port 0x03DA, size 1, value 0x09
IN  port 0x03DA, size 1, value 0x09
IN  port 0x03DA, size 1, value 0x09
IN  port 0x03DA, size 1, value 0x09
IN  port 0x03DA, size 1, value 0x09
IN  port 0x03DA, size 1, value 0x09
IN  port 0x03DA, size 1, value 0x09
IN  port 0x03DA, size 1, value 0x09
IN  port 0x03DA, size 1, value 0x09
IN  port 0x03DA, size 1, value 0x09
IN  port 0x03DA, size 1, value 0x09
IN  port 0x03DA, size 1, value 0x09
IN  port 0x03DA, size 1, value 0x09
IN  port 0x03DA, size 1, value 0x09
IN  port 0x03DA, size 1, value 0x09
IN  port 0x03DA, size 1, value 0x09
IN  port 0x03DA, size 1, value 0x09
IN  port 0x03DA, size 1, value 0x09
IN  port 0x03DA, size 1, value 0x09
IN  port 0x03DA, size 1, value 0x09
IN  port 0x03DA, size 1, value 0x09
IN  port 0x03DA, size 1, value 0x09
IN  port 0x03DA, size 1, value 0x09
IN  port 0x03DA, size 1, value 0x09
IN  port 0x03DA, size 1, value 0x09
IN  port 0x03DA, size 1, value 0x09
IN  port 0x03DA, size 1, value 0x09
IN  port 0x03DA, size 1, value 0x09
IN  port 0x03DA, size 1, value 0x09
IN  port 0x03DA, size 1, value 0x09
IN  port 0x03DA, size 1, value 0x09
IN  port 0x03DA, size 1, value 0x09
IN  port 0x03DA, size 1, value 0x09
IN  port 0x03DA, size 1, value 0x09
IN  port 0x03DA, size 1, value 0x09
IN  port 0x03DA, size 1, value 0x09
IN  port 0x03DA, size 1, value 0x09
IN  port 0x03DA, size 1, value 0x09
IN  port 0x03DA, size 1, value 0x09
IN  port 0x03DA, size 1, value 0x09
IN  port 0x03DA, size 1, value 0x09
IN  port 0x03DA, size 1, value 0x09
IN  port 0x03DA, size 1, value 0x09
IN  port 0x03DA, size 1, value 0x09
IN  port 0x03DA, size 1, value 0x09
IN  port 0x03DA, size 1, value 0x09
IN  port 0x03DA, size 1, value 0x09
IN  port 0x03DA, size 1, value 0x09
IN  port 0x03DA, size 1, value 0x09
IN  port 0x03DA, size 1, value 0x09
IN  port 0x03DA, size 1, value 0x09
IN  port 0x03DA, size 1, value 0x09
IN  port 0x03DA, size 1, value 0x09
IN  port 0x03DA, size 1, value 0x09
IN  port 0x03DA, size 1, value 0x09
IN  port 0x03DA, size 1, value 0x09
IN  port 0x03DA, size 1, value 0x09
IN  port 0x03DA, size 1, value 0x09
IN  port 0x03DA, size 1, value 0x09
IN  port 0x03DA, size 1, value 0x09
IN  port 0x03DA, size 1, value 0x09
IN  port 0x03DA, size 1, value 0x09
IN  port 0x03DA, size 1, value 0x09
IN  port 0x03DA, size 1, value 0x09
IN  port 0x03DA, size 1, value 0x09
IN  port 0x03DA, size 1, value 0x09
IN  port 0x03DA, size 1, value 0x09
IN  port 0x03DA, size 1, value 0x09
IN  port 0x03DA, size 1, value 0x09
IN  port 0x03DA, size 1, value 0x09
IN  port 0x03DA, size 1, value 0x09
IN  port 0x03DA, size 1, value 0x09
IN  port 0x03DA, size 1, value 0x09
IN  port 0x03DA, size 1, value 0x09
IN  port 0x03DA, size 1, value 0x09
IN  port 0x03DA, size 1, value 0x09
IN  port 0x03DA, size 1, value 0x09
IN  port 0x03DA, size 1, value 0x09
IN  port 0x03DA, size 1, value 0x09
IN  port 0x03DA, size 1, value 0x09
IN  port 0x03DA, size 1, value 0x09
IN  port 0x03DA, size 1, value 0x09
IN  port 0x03DA, size 1, value 0x09
IN  port 0x03DA, size 1, value 0x09
IN  port 0x03DA, size 1, value 0x09
IN  port 0x03DA, size 1, value 0x09
IN  port 0x03DA, size 1, value 0x09
IN  port 0x03DA, size 1, value 0x09
IN  port 0x03DA, size 1, value 0x09
IN  port 0x03DA, size 1, value 0x09
IN  port 0x03DA, size 1, value 0x09
IN  port 0x03DA, size 1, value 0x09
IN  port 0x03DA, size 1, value 0x09
IN  port 0x03DA, size 1, value 0x09
IN  port 0x03DA, size 1, value 0x09
IN  port 0x03DA, size 1, value 0x09
IN  port 0x03DA, size 1, value 0x09
IN  port 0x03DA, size 1, value 0x09
IN  port 0x03DA, size 1, value 0x09
IN  port 0x03DA, size 1, value 0x09
IN  port 0x03DA, size 1, value 0x09
IN  port 0x03DA, size 1, value 0x09
IN  port 0x03DA, size 1, value 0x09
IN  port 0x03DA, size 1, value 0x09
IN  port 0x03DA, size 1, value 0x09
IN  port 0x03DA, size 1, value 0x09
IN  port 0x03DA, size 1, value 0x09
IN  port 0x03DA, size 1, value 0x09
IN  port 0x03DA, size 1, value 0x09
IN  port 0x03DA, size 1, value 0x09
IN  port 0x03DA, size 1, value 0x09
IN  port 0x03DA, size 1, value 0x09
IN  port 0x03DA, size 1, value 0x09
IN  port 0x03DA, size 1, value 0x09
IN  port 0x03DA, size 1, value 0x09
IN  port 0x03DA, size 1, value 0x09
IN  port 0x03DA, size 1, value 0x09
IN  port 0x03DA, size 1, value 0x09
IN  port 0x03DA, size 1, value 0x09
IN  port 0x03DA, size 1, value 0x09
IN  port 0x03DA, size 1, value 0x09
IN  port 0x03DA, size 1, value 0x09
IN  port 0x03DA, size 1, value 0x09
IN  port 0x03DA, size 1, value 0x09
IN  port 0x03DA, size 1, value 0x09
IN  port 0x03DA, size 1, value 0x09
IN  port 0x03DA, size 1, value 0x09
IN  port 0x03DA, size 1, value 0x09
IN  port 0x03DA, size 1, value 0x09
IN  port 0x03DA, size 1, value 0x09
IN  port 0x03DA, size 1, value 0x09
IN  port 0x03DA, size 1, value 0x09
IN  port 0x03DA, size 1, value 0x09
IN  port 0x03DA, size 1, value 0x09
IN  port 0x03DA, size 1, value 0x09
IN  port 0x03DA, size 1, value 0x09
IN  port 0x03DA, size 1, value 0x09
IN  port 0x03DA, size 1, value 0x09
IN  port 0x03DA, size 1, value 0x09
IN  port 0x03DA, size 1, value 0x09
IN  port 0x03DA, size 1, value 0x09
IN  port 0x03DA, size 1, value 0x09
IN  port 0x03DA, size 1, value 0x09
IN  port 0x03DA, size 1, value 0x09
IN  port 0x03DA, size 1, value 0x09
IN  port 0x03DA, size 1, value 0x09
IN  port 0x03DA, size 1, value 0x09
IN  port 0x03DA, size 1, value 0x09
IN  port 0x03DA, size 1, value 0x09
IN  port 0x03DA, size 1, value 0x09
IN  port 0x03DA, size 1, value 0x09
IN  port 0x03DA, size 1, value 0x09
IN  port 0x03DA, size 1, value 0x09
IN  port 0x03DA, size 1, value 0x09
IN  port 0x03DA, size 1, value 0x09
IN  port 0x03DA, size 1, value 0x09
IN  port 0x03DA, size 1, value 0x09
IN  port 0x03DA, size 1, value 0x09
IN  port 0x03DA, size 1, value 0x09
IN  port 0x03DA, size 1, value 0x09
IN  port 0x03DA, size 1, value 0x09
IN  port 0x03DA, size 1, value 0x09
IN  port 0x03DA, size 1, value 0x09
IN  port 0x03DA, size 1, value 0x09
IN  port 0x03DA, size 1, value 0x09
IN  port 0x03DA, size 1, value 0x09
IN  port 0x03DA, size 1, value 0x09
IN  port 0x03DA, size 1, value 0x09
IN  port 0x03DA, size 1, value 0x09
IN  port 0x03DA, size 1, value 0x09
IN  port 0x03DA, size 1, value 0x09
IN  port 0x03DA, size 1, value 0x09
IN  port 0x03DA, size 1, value 0x09
IN  port 0x03DA, size 1, value 0x09
IN  port 0x03DA, size 1, value 0x09
IN  port 0x03DA, size 1, value 0x09
IN  port 0x03DA, size 1, value 0x09
IN  port 0x03DA, size 1, value 0x09
IN  port 0x03DA, size 1, value 0x09
IN  port 0x03DA, size 1, value 0x09
IN  port 0x03DA, size 1, value 0x09
IN  port 0x03DA, size 1, value 0x09
IN  port 0x03DA, size 1, value 0x09
IN  port 0x03DA, size 1, value 0x09
IN  port 0x03DA, size 1, value 0x09
IN  port 0x03DA, size 1, value 0x09
IN  port 0x03DA, size 1, value 0x09
IN  port 0x03DA, size 1, value 0x09
IN  port 0x03DA, size 1, value 0x09
IN  port 0x03DA, size 1, value 0x09
IN  port 0x03DA, size 1, value 0x09
IN  port 0x03DA, size 1, value 0x09
IN  port 0x03DA, size 1, value 0x09
IN  port 0x03DA, size 1, value 0x09
IN  port 0x03DA, size 1, value 0x09
IN  port 0x03DA, size 1, value 0x09
IN  port 0x03DA, size 1, value 0x09
IN  port 0x03DA, size 1, value 0x09
IN  port 0x03DA, size 1, value 0x09
IN  port 0x03DA, size 1, value 0x09
IN  port 0x03DA, size 1, value 0x09
IN  port 0x03DA, size 1, value 0x09
IN  port 0x03DA, size 1, value 0x09
IN  port 0x03DA, size 1, value 0x09
IN  port 0x03DA, size 1, value 0x09
IN  port 0x03DA, size 1, value 0x09
IN  port 0x03DA, size 1, value 0x09
IN  port 0x03DA, size 1, value 0x09
IN  port 0x03DA, size 1, value 0x09
IN  port 0x03DA, size 1, value 0x09
IN  port 0x03DA, size 1, value 0x09
IN  port 0x03DA, size 1, value 0x09
IN  port 0x03DA, size 1, value 0x09
IN  port 0x03DA, size 1, value 0x09
IN  port 0x03DA, size 1, value 0x09
IN  port 0x03DA, size 1, value 0x09
IN  port 0x03DA, size 1, value 0x09
IN  port 0x03DA, size 1, value 0x09
IN  port 0x03DA, size 1, value 0x09
IN  port 0x03DA, size 1, value 0x09
IN  port 0x03DA, size 1, value 0x09
IN  port 0x03DA, size 1, value 0x09
IN  port 0x03DA, size 1, value 0x09
IN  port 0x03DA, size 1, value 0x09
IN  port 0x03DA, size 1, value 0x09
IN  port 0x03DA, size 1, value 0x09
IN  port 0x03DA, size 1, value 0x09
IN  port 0x03DA, size 1, value 0x09
IN  port 0x03DA, size 1, value 0x01
IN  port 0x03DA, size 1, value 0x01
IN  port 0x03DA, size 1, value 0x01
IN  port 0x03DA, size 1, value 0x01
IN  port 0x03DA, size 1, value 0x01
IN  port 0x03DA, size 1, value 0x01
IN  port 0x03DA, size 1, value 0x01
IN  port 0x03DA, size 1, value 0x01
IN  port 0x03DA, size 1, value 0x01
IN  port 0x03DA, size 1, value 0x01
IN  port 0x03DA, size 1, value 0x01
IN  port 0x03DA, size 1, value 0x01
IN  port 0x03DA, size 1, value 0x01
IN  port 0x03DA, size 1, value 0x01
IN  port 0x03DA, size 1, value 0x01
IN  port 0x03DA, size 1, value 0x01
IN  port 0x03DA, size 1, value 0x01
IN  port 0x03DA, size 1, value 0x01
IN  port 0x03DA, size 1, value 0x01
IN  port 0x03DA, size 1, value 0x01
IN  port 0x03DA, size 1, value 0x01
IN  port 0x03DA, size 1, value 0x01
IN  port 0x03DA, size 1, value 0x01
IN  port 0x03DA, size 1, value 0x01
IN  port 0x03DA, size 1, value 0x01
IN  port 0x03DA, size 1, value 0x01
IN  port 0x03DA, size 1, value 0x01
IN  port 0x03DA, size 1, value 0x01
IN  port 0x03DA, size 1, value 0x01
IN  port 0x03DA, size 1, value 0x01
IN  port 0x03DA, size 1, value 0x01
IN  port 0x03DA, size 1, value 0x01
IN  port 0x03DA, size 1, value 0x01
IN  port 0x03DA, size 1, value 0x01
IN  port 0x03DA, size 1, value 0x01
IN  port 0x03DA, size 1, value 0x01
IN  port 0x03DA, size 1, value 0x01
IN  port 0x03DA, size 1, value 0x01
IN  port 0x03DA, size 1, value 0x01
IN  port 0x03DA, size 1, value 0x01
IN  port 0x03DA, size 1, value 0x01
IN  port 0x03DA, size 1, value 0x01
IN  port 0x03DA, size 1, value 0x01
IN  port 0x03DA, size 1, value 0x01
IN  port 0x03DA, size 1, value 0x01
IN  port 0x03DA, size 1, value 0x01
IN  port 0x03DA, size 1, value 0x01
IN  port 0x03DA, size 1, value 0x01
IN  port 0x03DA, size 1, value 0x01
IN  port 0x03DA, size 1, value 0x01
IN  port 0x03DA, size 1, value 0x01
IN  port 0x03DA, size 1, value 0x01
IN  port 0x03DA, size 1, value 0x01
IN  port 0x03DA, size 1, value 0x01
IN  port 0x03DA, size 1, value 0x01
IN  port 0x03DA, size 1, value 0x01
IN  port 0x03DA, size 1, value 0x01
IN  port 0x03DA, size 1, value 0x01
IN  port 0x03DA, size 1, value 0x01
IN  port 0x03DA, size 1, value 0x01
IN  port 0x03DA, size 1, value 0x01
IN  port 0x03DA, size 1, value 0x01
IN  port 0x03DA, size 1, value 0x01
IN  port 0x03DA, size 1, value 0x01
IN  port 0x03DA, size 1, value 0x01
IN  port 0x03DA, size 1, value 0x01
IN  port 0x03DA, size 1, value 0x01
IN  port 0x03DA, size 1, value 0x01
IN  port 0x03DA, size 1, value 0x01
IN  port 0x03DA, size 1, value 0x01
IN  port 0x03DA, size 1, value 0x01
IN  port 0x03DA, size 1, value 0x01
IN  port 0x03DA, size 1, value 0x01
IN  port 0x03DA, size 1, value 0x01
IN  port 0x03DA, size 1, value 0x01
IN  port 0x03DA, size 1, value 0x01
IN  port 0x03DA, size 1, value 0x01
IN  port 0x03DA, size 1, value 0x01
IN  port 0x03DA, size 1, value 0x01
IN  port 0x03DA, size 1, value 0x01
IN  port 0x03DA, size 1, value 0x01
IN  port 0x03DA, size 1, value 0x01
IN  port 0x03DA, size 1, value 0x01
IN  port 0x03DA, size 1, value 0x01
IN  port 0x03DA, size 1, value 0x01
IN  port 0x03DA, size 1, value 0x01
IN  port 0x03DA, size 1, value 0x01
IN  port 0x03DA, size 1, value 0x01
IN  port 0x03DA, size 1, value 0x01
IN  port 0x03DA, size 1, value 0x01
IN  port 0x03DA, size 1, value 0x01
IN  port 0x03DA, size 1, value 0x01
IN  port 0x03DA, size 1, value 0x01
IN  port 0x03DA, size 1, value 0x01
IN  port 0x03DA, size 1, value 0x01
IN  port 0x03DA, size 1, value 0x01
IN  port 0x03DA, size 1, value 0x01
IN  port 0x03DA, size 1, value 0x01
IN  port 0x03DA, size 1, value 0x01
IN  port 0x03DA, size 1, value 0x01
IN  port 0x03DA, size 1, value 0x01
IN  port 0x03DA, size 1, value 0x01
IN  port 0x03DA, size 1, value 0x01
IN  port 0x03DA, size 1, value 0x01
IN  port 0x03DA, size 1, value 0x01
IN  port 0x03DA, size 1, value 0x01
IN  port 0x03DA, size 1, value 0x01
IN  port 0x03DA, size 1, value 0x01
IN  port 0x03DA, size 1, value 0x01
IN  port 0x03DA, size 1, value 0x01
IN  port 0x03DA, size 1, value 0x01
IN  port 0x03DA, size 1, value 0x01
IN  port 0x03DA, size 1, value 0x01
IN  port 0x03DA, size 1, value 0x01
IN  port 0x03DA, size 1, value 0x01
IN  port 0x03DA, size 1, value 0x01
IN  port 0x03DA, size 1, value 0x01
IN  port 0x03DA, size 1, value 0x01
IN  port 0x03DA, size 1, value 0x01
IN  port 0x03DA, size 1, value 0x01
IN  port 0x03DA, size 1, value 0x01
IN  port 0x03DA, size 1, value 0x01
IN  port 0x03DA, size 1, value 0x01
IN  port 0x03DA, size 1, value 0x01
IN  port 0x03DA, size 1, value 0x01
IN  port 0x03DA, size 1, value 0x01
IN  port 0x03DA, size 1, value 0x01
IN  port 0x03DA, size 1, value 0x01
IN  port 0x03DA, size 1, value 0x01
IN  port 0x03DA, size 1, value 0x01
IN  port 0x03DA, size 1, value 0x01
IN  port 0x03DA, size 1, value 0x01
IN  port 0x03DA, size 1, value 0x01
IN  port 0x03DA, size 1, value 0x01
IN  port 0x03DA, size 1, value 0x01
IN  port 0x03DA, size 1, value 0x01
IN  port 0x03DA, size 1, value 0x01
IN  port 0x03DA, size 1, value 0x01
IN  port 0x03DA, size 1, value 0x01
IN  port 0x03DA, size 1, value 0x01
IN  port 0x03DA, size 1, value 0x01
IN  port 0x03DA, size 1, value 0x01
IN  port 0x03DA, size 1, value 0x01
IN  port 0x03DA, size 1, value 0x01
IN  port 0x03DA, size 1, value 0x01
IN  port 0x03DA, size 1, value 0x01
IN  port 0x03DA, size 1, value 0x01
IN  port 0x03DA, size 1, value 0x01
IN  port 0x03DA, size 1, value 0x01
IN  port 0x03DA, size 1, value 0x01
IN  port 0x03DA, size 1, value 0x01
IN  port 0x03DA, size 1, value 0x01
IN  port 0x03DA, size 1, value 0x01
IN  port 0x03DA, size 1, value 0x01
IN  port 0x03DA, size 1, value 0x01
IN  port 0x03DA, size 1, value 0x01
IN  port 0x03DA, size 1, value 0x01
IN  port 0x03DA, size 1, value 0x01
IN  port 0x03DA, size 1, value 0x01
IN  port 0x03DA, size 1, value 0x01
IN  port 0x03DA, size 1, value 0x01
IN  port 0x03DA, size 1, value 0x01
IN  port 0x03DA, size 1, value 0x01
IN  port 0x03DA, size 1, value 0x01
IN  port 0x03DA, size 1, value 0x01
IN  port 0x03DA, size 1, value 0x01
IN  port 0x03DA, size 1, value 0x01
IN  port 0x03DA, size 1, value 0x01
IN  port 0x03DA, size 1, value 0x01
IN  port 0x03DA, size 1, value 0x01
IN  port 0x03DA, size 1, value 0x01
IN  port 0x03DA, size 1, value 0x01
IN  port 0x03DA, size 1, value 0x01
IN  port 0x03DA, size 1, value 0x01
IN  port 0x03DA, size 1, value 0x01
IN  port 0x03DA, size 1, value 0x01
IN  port 0x03DA, size 1, value 0x01
IN  port 0x03DA, size 1, value 0x01
IN  port 0x03DA, size 1, value 0x01
IN  port 0x03DA, size 1, value 0x01
IN  port 0x03DA, size 1, value 0x01
IN  port 0x03DA, size 1, value 0x01
IN  port 0x03DA, size 1, value 0x01
IN  port 0x03DA, size 1, value 0x01
IN  port 0x03DA, size 1, value 0x01
IN  port 0x03DA, size 1, value 0x01
IN  port 0x03DA, size 1, value 0x01
IN  port 0x03DA, size 1, value 0x01
IN  port 0x03DA, size 1, value 0x01
IN  port 0x03DA, size 1, value 0x01
IN  port 0x03DA, size 1, value 0x01
IN  port 0x03DA, size 1, value 0x01
IN  port 0x03DA, size 1, value 0x01
IN  port 0x03DA, size 1, value 0x01
IN  port 0x03DA, size 1, value 0x01
IN  port 0x03DA, size 1, value 0x01
IN  port 0x03DA, size 1, value 0x01
IN  port 0x03DA, size 1, value 0x01
IN  port 0x03DA, size 1, value 0x01
IN  port 0x03DA, size 1, value 0x01
IN  port 0x03DA, size 1, value 0x01
IN  port 0x03DA, size 1, value 0x01
IN  port 0x03DA, size 1, value 0x01
IN  port 0x03DA, size 1, value 0x01
IN  port 0x03DA, size 1, value 0x01
IN  port 0x03DA, size 1, value 0x01
IN  port 0x03DA, size 1, value 0x01
IN  port 0x03DA, size 1, value 0x01
IN  port 0x03DA, size 1, value 0x01
IN  port 0x03DA, size 1, value 0x01
IN  port 0x03DA, size 1, value 0x01
IN  port 0x03DA, size 1, value 0x01
IN  port 0x03DA, size 1, value 0x01
IN  port 0x03DA, size 1, value 0x01
IN  port 0x03DA, size 1, value 0x01
IN  port 0x03DA, size 1, value 0x01
IN  port 0x03DA, size 1, value 0x01
IN  port 0x03DA, size 1, value 0x01
IN  port 0x03DA, size 1, value 0x01
IN  port 0x03DA, size 1, value 0x01
IN  port 0x03DA, size 1, value 0x01
IN  port 0x03DA, size 1, value 0x01
IN  port 0x03DA, size 1, value 0x01
IN  port 0x03DA, size 1, value 0x01
IN  port 0x03DA, size 1, value 0x01
IN  port 0x03DA, size 1, value 0x01
IN  port 0x03DA, size 1, value 0x01
IN  port 0x03DA, size 1, value 0x01
IN  port 0x03DA, size 1, value 0x01
IN  port 0x03DA, size 1, value 0x01
IN  port 0x03DA, size 1, value 0x01
IN  port 0x03DA, size 1, value 0x01
IN  port 0x03DA, size 1, value 0x01
IN  port 0x03DA, size 1, value 0x01
IN  port 0x03DA, size 1, value 0x01
IN  port 0x03DA, size 1, value 0x01
IN  port 0x03DA, size 1, value 0x01
IN  port 0x03DA, size 1, value 0x01
IN  port 0x03DA, size 1, value 0x01
IN  port 0x03DA, size 1, value 0x01
IN  port 0x03DA, size 1, value 0x01
IN  port 0x03DA, size 1, value 0x01
IN  port 0x03DA, size 1, value 0x01
IN  port 0x03DA, size 1, value 0x01
IN  port 0x03DA, size 1, value 0x01
IN  port 0x03DA, size 1, value 0x01
IN  port 0x03DA, size 1, value 0x01
IN  port 0x03DA, size 1, value 0x01
IN  port 0x03DA, size 1, value 0x01
IN  port 0x03DA, size 1, value 0x01
IN  port 0x03DA, size 1, value 0x01
IN  port 0x03DA, size 1, value 0x01
IN  port 0x03DA, size 1, value 0x01
IN  port 0x03DA, size 1, value 0x01
IN  port 0x03DA, size 1, value 0x01
IN  port 0x03DA, size 1, value 0x01
IN  port 0x03DA, size 1, value 0x01
IN  port 0x03DA, size 1, value 0x01
IN  port 0x03DA, size 1, value 0x01
IN  port 0x03DA, size 1, value 0x01
IN  port 0x03DA, size 1, value 0x01
IN  port 0x03DA, size 1, value 0x01
IN  port 0x03DA, size 1, value 0x01
IN  port 0x03DA, size 1, value 0x01
IN  port 0x03DA, size 1, value 0x01
IN  port 0x03DA, size 1, value 0x01
IN  port 0x03DA, size 1, value 0x01
IN  port 0x03DA, size 1, value 0x01
IN  port 0x03DA, size 1, value 0x01
IN  port 0x03DA, size 1, value 0x01
IN  port 0x03DA, size 1, value 0x01
IN  port 0x03DA, size 1, value 0x01
IN  port 0x03DA, size 1, value 0x01
IN  port 0x03DA, size 1, value 0x01
IN  port 0x03DA, size 1, value 0x01
IN  port 0x03DA, size 1, value 0x01
IN  port 0x03DA, size 1, value 0x01
IN  port 0x03DA, size 1, value 0x01
IN  port 0x03DA, size 1, value 0x01
IN  port 0x03DA, size 1, value 0x01
IN  port 0x03DA, size 1, value 0x01
IN  port 0x03DA, size 1, value 0x01
IN  port 0x03DA, size 1, value 0x01
IN  port 0x03DA, size 1, value 0x01
IN  port 0x03DA, size 1, value 0x01
IN  port 0x03DA, size 1, value 0x01
IN  port 0x03DA, size 1, value 0x01
IN  port 0x03DA, size 1, value 0x01
IN  port 0x03DA, size 1, value 0x01
IN  port 0x03DA, size 1, value 0x01
IN  port 0x03DA, size 1, value 0x01
IN  port 0x03DA, size 1, value 0x01
IN  port 0x03DA, size 1, value 0x01
IN  port 0x03DA, size 1, value 0x01
IN  port 0x03DA, size 1, value 0x01
IN  port 0x03DA, size 1, value 0x01
IN  port 0x03DA, size 1, value 0x01
IN  port 0x03DA, size 1, value 0x01
IN  port 0x03DA, size 1, value 0x01
IN  port 0x03DA, size 1, value 0x01
IN  port 0x03DA, size 1, value 0x01
IN  port 0x03DA, size 1, value 0x01
IN  port 0x03DA, size 1, value 0x01
IN  port 0x03DA, size 1, value 0x01
IN  port 0x03DA, size 1, value 0x01
IN  port 0x03DA, size 1, value 0x01
IN  port 0x03DA, size 1, value 0x01
IN  port 0x03DA, size 1, value 0x01
IN  port 0x03DA, size 1, value 0x01
IN  port 0x03DA, size 1, value 0x01
IN  port 0x03DA, size 1, value 0x01
IN  port 0x03DA, size 1, value 0x01
IN  port 0x03DA, size 1, value 0x01
IN  port 0x03DA, size 1, value 0x01
IN  port 0x03DA, size 1, value 0x01
IN  port 0x03DA, size 1, value 0x01
IN  port 0x03DA, size 1, value 0x01
IN  port 0x03DA, size 1, value 0x01
IN  port 0x03DA, size 1, value 0x01
IN  port 0x03DA, size 1, value 0x01
IN  port 0x03DA, size 1, value 0x01
IN  port 0x03DA, size 1, value 0x01
IN  port 0x03DA, size 1, value 0x01
IN  port 0x03DA, size 1, value 0x01
IN  port 0x03DA, size 1, value 0x01
IN  port 0x03DA, size 1, value 0x01
IN  port 0x03DA, size 1, value 0x01
IN  port 0x03DA, size 1, value 0x01
IN  port 0x03DA, size 1, value 0x01
IN  port 0x03DA, size 1, value 0x01
IN  port 0x03DA, size 1, value 0x01
IN  port 0x03DA, size 1, value 0x01
IN  port 0x03DA, size 1, value 0x01
IN  port 0x03DA, size 1, value 0x01
IN  port 0x03DA, size 1, value 0x01
IN  port 0x03DA, size 1, value 0x01
IN  port 0x03DA, size 1, value 0x01
IN  port 0x03DA, size 1, value 0x01
IN  port 0x03DA, size 1, value 0x01
IN  port 0x03DA, size 1, value 0x01
IN  port 0x03DA, size 1, value 0x01
IN  port 0x03DA, size 1, value 0x01
IN  port 0x03DA, size 1, value 0x01
IN  port 0x03DA, size 1, value 0x01
IN  port 0x03DA, size 1, value 0x01
IN  port 0x03DA, size 1, value 0x01
IN  port 0x03DA, size 1, value 0x01
IN  port 0x03DA, size 1, value 0x01
IN  port 0x03DA, size 1, value 0x01
IN  port 0x03DA, size 1, value 0x01
IN  port 0x03DA, size 1, value 0x01
IN  port 0x03DA, size 1, value 0x01
IN  port 0x03DA, size 1, value 0x01
IN  port 0x03DA, size 1, value 0x01
IN  port 0x03DA, size 1, value 0x01
IN  port 0x03DA, size 1, value 0x01
IN  port 0x03DA, size 1, value 0x01
IN  port 0x03DA, size 1, value 0x01
IN  port 0x03DA, size 1, value 0x01
IN  port 0x03DA, size 1, value 0x01
IN  port 0x03DA, size 1, value 0x01
IN  port 0x03DA, size 1, value 0x01
IN  port 0x03DA, size 1, value 0x01
IN  port 0x03DA, size 1, value 0x01
IN  port 0x03DA, size 1, value 0x01
IN  port 0x03DA, size 1, value 0x01
IN  port 0x03DA, size 1, value 0x01
IN  port 0x03DA, size 1, value 0x01
IN  port 0x03DA, size 1, value 0x01
IN  port 0x03DA, size 1, value 0x01
IN  port 0x03DA, size 1, value 0x01
IN  port 0x03DA, size 1, value 0x01
IN  port 0x03DA, size 1, value 0x00
IN  port 0x03DA, size 1, value 0x00
IN  port 0x03DA, size 1, value 0x00
IN  port 0x03DA, size 1, value 0x00
IN  port 0x03DA, size 1, value 0x00
IN  port 0x03DA, size 1, value 0x00
IN  port 0x03DA, size 1, value 0x00
IN  port 0x03DA, size 1, value 0x00
IN  port 0x03DA, size 1, value 0x00
IN  port 0x03DA, size 1, value 0x00
IN  port 0x03DA, size 1, value 0x00
IN  port 0x03DA, size 1, value 0x01
OUT port 0x03D4, size 1, value 0x0E
OUT port 0x03D5, size 1, value 0x00
OUT port 0x03D4, size 1, value 0x0F
OUT port 0x03D5, size 1, value 0x5C
IN  port 0x03DA, size 1, value 0x00
IN  port 0x03DA, size 1, value 0x00
IN  port 0x03DA, size 1, value 0x00
IN  port 0x03DA, size 1, value 0x00
IN  port 0x03DA, size 1, value 0x01
OUT port 0x03D4, size 1, value 0x0E
OUT port 0x03D5, size 1, value 0x00
OUT port 0x03D4, size 1, value 0x0F
OUT port 0x03D5, size 1, value 0x5D
IN  port 0x03DA, size 1, value 0x00
IN  port 0x03DA, size 1, value 0x00
IN  port 0x03DA, size 1, value 0x00
IN  port 0x03DA, size 1, value 0x00
IN  port 0x03DA, size 1, value 0x01
OUT port 0x03D4, size 1, value 0x0E
OUT port 0x03D5, size 1, value 0x00
OUT port 0x03D4, size 1, value 0x0F
OUT port 0x03D5, size 1, value 0x5E
IN  port 0x03DA, size 1, value 0x00
IN  port 0x03DA, size 1, value 0x00
IN  port 0x03DA, size 1, value 0x00
IN  port 0x03DA, size 1, value 0x01
OUT port 0x03D4, size 1, value 0x0E
OUT port 0x03D5, size 1, value 0x00
OUT port 0x03D4, size 1, value 0x0F
OUT port 0x03D5, size 1, value 0x5F
IN  port 0x03DA, size 1, value 0x00
IN  port 0x03DA, size 1, value 0x00
IN  port 0x03DA, size 1, value 0x00
IN  port 0x03DA, size 1, value 0x00
IN  port 0x03DA, size 1, value 0x01
OUT port 0x03D4, size 1, value 0x0E
OUT port 0x03D5, size 1, value 0x00
OUT port 0x03D4, size 1, value 0x0F
OUT port 0x03D5, size 1, value 0x60
IN  port 0x03DA, size 1, value 0x00
IN  port 0x03DA, size 1, value 0x00
IN  port 0x03DA, size 1, value 0x00
IN  port 0x03DA, size 1, value 0x01
OUT port 0x03D4, size 1, value 0x0E
OUT port 0x03D5, size 1, value 0x00
OUT port 0x03D4, size 1, value 0x0F
OUT port 0x03D5, size 1, value 0x61
IN  port 0x03DA, size 1, value 0x00
IN  port 0x03DA, size 1, value 0x00
IN  port 0x03DA, size 1, value 0x00
IN  port 0x03DA, size 1, value 0x00
IN  port 0x03DA, size 1, value 0x01
OUT port 0x03D4, size 1, value 0x0E
OUT port 0x03D5, size 1, value 0x00
OUT port 0x03D4, size 1, value 0x0F
OUT port 0x03D5, size 1, value 0x62
IN  port 0x03DA, size 1, value 0x00
IN  port 0x03DA, size 1, value 0x00
IN  port 0x03DA, size 1, value 0x00
IN  port 0x03DA, size 1, value 0x01
OUT port 0x03D4, size 1, value 0x0E
OUT port 0x03D5, size 1, value 0x00
OUT port 0x03D4, size 1, value 0x0F
OUT port 0x03D5, size 1, value 0x63
IN  port 0x03DA, size 1, value 0x00
IN  port 0x03DA, size 1, value 0x00
IN  port 0x03DA, size 1, value 0x00
IN  port 0x03DA, size 1, value 0x00
IN  port 0x03DA, size 1, value 0x01
OUT port 0x03D4, size 1, value 0x0E
OUT port 0x03D5, size 1, value 0x00
OUT port 0x03D4, size 1, value 0x0F
OUT port 0x03D5, size 1, value 0x64
IN  port 0x03DA, size 1, value 0x00
IN  port 0x03DA, size 1, value 0x00
IN  port 0x03DA, size 1, value 0x00
IN  port 0x03DA, size 1, value 0x01
OUT port 0x03D4, size 1, value 0x0E
OUT port 0x03D5, size 1, value 0x00
OUT port 0x03D4, size 1, value 0x0F
OUT port 0x03D5, size 1, value 0x65
IN  port 0x03DA, size 1, value 0x00
IN  port 0x03DA, size 1, value 0x00
IN  port 0x03DA, size 1, value 0x00
IN  port 0x03DA, size 1, value 0x00
IN  port 0x03DA, size 1, value 0x01
OUT port 0x03D4, size 1, value 0x0E
OUT port 0x03D5, size 1, value 0x00
OUT port 0x03D4, size 1, value 0x0F
OUT port 0x03D5, size 1, value 0x66
IN  port 0x03DA, size 1, value 0x00
IN  port 0x03DA, size 1, value 0x00
IN  port 0x03DA, size 1, value 0x00
IN  port 0x03DA, size 1, value 0x00
IN  port 0x03DA, size 1, value 0x01
OUT port 0x03D4, size 1, value 0x0E
OUT port 0x03D5, size 1, value 0x00
OUT port 0x03D4, size 1, value 0x0F
OUT port 0x03D5, size 1, value 0x67
IN  port 0x03DA, size 1, value 0x00
IN  port 0x03DA, size 1, value 0x00
IN  port 0x03DA, size 1, value 0x00
IN  port 0x03DA, size 1, value 0x01
OUT port 0x03D4, size 1, value 0x0E
OUT port 0x03D5, size 1, value 0x00
OUT port 0x03D4, size 1, value 0x0F
OUT port 0x03D5, size 1, value 0x68
IN  port 0x03DA, size 1, value 0x00
IN  port 0x03DA, size 1, value 0x00
IN  port 0x03DA, size 1, value 0x00
IN  port 0x03DA, size 1, value 0x00
IN  port 0x03DA, size 1, value 0x01
OUT port 0x03D4, size 1, value 0x0E
OUT port 0x03D5, size 1, value 0x00
OUT port 0x03D4, size 1, value 0x0F
OUT port 0x03D5, size 1, value 0x69
IN  port 0x03DA, size 1, value 0x00
IN  port 0x03DA, size 1, value 0x00
IN  port 0x03DA, size 1, value 0x00
IN  port 0x03DA, size 1, value 0x01
OUT port 0x03D4, size 1, value 0x0E
OUT port 0x03D5, size 1, value 0x00
OUT port 0x03D4, size 1, value 0x0F
OUT port 0x03D5, size 1, value 0x6A
IN  port 0x03DA, size 1, value 0x00
IN  port 0x03DA, size 1, value 0x00
IN  port 0x03DA, size 1, value 0x00
IN  port 0x03DA, size 1, value 0x00
IN  port 0x03DA, size 1, value 0x01
OUT port 0x03D4, size 1, value 0x0E
OUT port 0x03D5, size 1, value 0x00
OUT port 0x03D4, size 1, value 0x0F
OUT port 0x03D5, size 1, value 0x6B
IN  port 0x03DA, size 1, value 0x00
IN  port 0x03DA, size 1, value 0x00
IN  port 0x03DA, size 1, value 0x00
IN  port 0x03DA, size 1, value 0x01
OUT port 0x03D4, size 1, value 0x0E
OUT port 0x03D5, size 1, value 0x00
OUT port 0x03D4, size 1, value 0x0F
OUT port 0x03D5, size 1, value 0x6C
IN  port 0x03DA, size 1, value 0x00
IN  port 0x03DA, size 1, value 0x00
IN  port 0x03DA, size 1, value 0x00
IN  port 0x03DA, size 1, value 0x00
IN  port 0x03DA, size 1, value 0x01
OUT port 0x03D4, size 1, value 0x0E
OUT port 0x03D5, size 1, value 0x00
OUT port 0x03D4, size 1, value 0x0F
OUT port 0x03D5, size 1, value 0x6D
OUT port 0x03D4, size 1, value 0x0E
OUT port 0x03D5, size 1, value 0x00
OUT port 0x03D4, size 1, value 0x0F
OUT port 0x03D5, size 1, value 0x50
OUT port 0x03D4, size 1, value 0x0E
OUT port 0x03D5, size 1, value 0x00
OUT port 0x03D4, size 1, value 0x0F
OUT port 0x03D5, size 1, value 0xA0
OUT port 0x0021, size 1, value 0xAA
IN  port 0x0021, size 1, value 0xAA
OUT port 0x0021, size 1, value 0x55
IN  port 0x0021, size 1, value 0x55
OUT port 0x0021, size 1, value 0x00
IN  port 0x0021, size 1, value 0x00
OUT port 0x0021, size 1, value 0xFF
OUT port 0x0021, size 1, value 0xFE
OUT port 0x0020, size 1, value 0x20
OUT port 0x0061, size 1, value 0x00
OUT port 0x0020, size 1, value 0x20
OUT port 0x0061, size 1, value 0xC0
OUT port 0x0061, size 1, value 0x40
IN  port 0x0060, size 1, value 0x00
IN  port 0x0060, size 1, value 0x00
IN  port 0x0060, size 1, value 0x00
IN  port 0x0060, size 1, value 0x00
IN  port 0x0060, size 1, value 0x00
IN  port 0x0060, size 1, value 0x00
IN  port 0x0060, size 1, value 0x00
IN  port 0x0060, size 1, value 0x00
IN  port 0x0060, size 1, value 0x00
IN  port 0x0060, size 1, value 0x00
IN  port 0x0060, size 1, value 0x00
IN  port 0x0060, size 1, value 0x00
IN  port 0x0060, size 1, value 0x00
IN  port 0x0060, size 1, value 0x00
IN  port 0x0060, size 1, value 0x00
IN  port 0x0060, size 1, value 0x00
IN  port 0x0060, size 1, value 0x00
IN  port 0x0060, size 1, value 0x00
IN  port 0x0060, size 1, value 0x00
IN  port 0x0060, size 1, value 0x00
IN  port 0x0060, size 1, value 0x00
IN  port 0x0060, size 1, value 0x00
IN  port 0x0060, size 1, value 0x00
IN  port 0x0060, size 1, value 0x00
IN  port 0x0060, size 1, value 0x00
IN  port 0x0060, size 1, value 0x00
IN  port 0x0060, size 1, value 0x00
IN  port 0x0060, size 1, value 0x00
IN  port 0x0060, size 1, value 0x00
IN  port 0x0060, size 1, value 0x00
IN  port 0x0060, size 1, value 0x00
IN  port 0x0060, size 1, value 0x00
IN  port 0x0060, size 1, value 0x00
IN  port 0x0060, size 1, value 0x00
IN  port 0x0060, size 1, value 0x00
IN  port 0x0060, size 1, value 0x00
IN  port 0x0060, size 1, value 0x00
IN  port 0x0060, size 1, value 0x00
IN  port 0x0060, size 1, value 0x00
IN  port 0x0060, size 1, value 0x00
IN  port 0x0060, size 1, value 0x00
IN  port 0x0060, size 1, value 0x00
IN  port 0x0060, size 1, value 0x00
IN  port 0x0060, size 1, value 0x00
IN  port 0x0060, size 1, value 0x00
IN  port 0x0060, size 1, value 0x00
IN  port 0x0060, size 1, value 0x00
IN  port 0x0060, size 1, value 0x00
IN  port 0x0060, size 1, value 0x00
IN  port 0x0060, size 1, value 0x00
IN  port 0x0060, size 1, value 0x00
IN  port 0x0060, size 1, value 0x00
IN  port 0x0060, size 1, value 0x00
IN  port 0x0060, size 1, value 0x00
IN  port 0x0060, size 1, value 0x00
IN  port 0x0060, size 1, value 0x00
IN  port 0x0060, size 1, value 0x00
IN  port 0x0060, size 1, value 0x00
IN  port 0x0060, size 1, value 0x00
IN  port 0x0060, size 1, value 0x00
IN  port 0x0060, size 1, value 0x00
IN  port 0x0060, size 1, value 0x00
IN  port 0x0060, size 1, value 0x00
IN  port 0x0060, size 1, value 0x00
IN  port 0x0060, size 1, value 0x00
IN  port 0x0060, size 1, value 0x00
IN  port 0x0060, size 1, value 0x00
IN  port 0x0060, size 1, value 0x00
IN  port 0x0060, size 1, value 0x00
IN  port 0x0060, size 1, value 0x00
IN  port 0x0060, size 1, value 0x00
IN  port 0x0060, size 1, value 0x00
IN  port 0x0060, size 1, value 0x00
IN  port 0x0060, size 1, value 0x00
IN  port 0x0060, size 1, value 0x00
IN  port 0x0060, size 1, value 0x00
IN  port 0x0060, size 1, value 0x00
IN  port 0x0060, size 1, value 0x00
IN  port 0x0060, size 1, value 0x00
IN  port 0x0060, size 1, value 0x00
IN  port 0x0060, size 1, value 0x00
IN  port 0x0060, size 1, value 0x00
IN  port 0x0060, size 1, value 0x00
IN  port 0x0060, size 1, value 0x00
IN  port 0x0060, size 1, value 0x00
IN  port 0x0060, size 1, value 0x00
IN  port 0x0060, size 1, value 0x00
IN  port 0x0060, size 1, value 0x00
IN  port 0x0060, size 1, value 0x00
IN  port 0x0060, size 1, value 0x00
IN  port 0x0060, size 1, value 0x00
IN  port 0x0060, size 1, value 0x00
IN  port 0x0060, size 1, value 0x00
IN  port 0x0060, size 1, value 0x00
IN  port 0x0060, size 1, value 0x00
IN  port 0x0060, size 1, value 0x00
IN  port 0x0060, size 1, value 0x00
IN  port 0x0060, size 1, value 0x00
IN  port 0x0060, size 1, value 0x00
IN  port 0x0060, size 1, value 0x00
IN  port 0x0060, size 1, value 0x00
IN  port 0x0060, size 1, value 0x00
IN  port 0x0060, size 1, value 0x00
IN  port 0x0060, size 1, value 0x00
IN  port 0x0060, size 1, value 0x00
IN  port 0x0060, size 1, value 0x00
IN  port 0x0060, size 1, value 0x00
IN  port 0x0060, size 1, value 0x00
IN  port 0x0060, size 1, value 0x00
IN  port 0x0060, size 1, value 0x00
IN  port 0x0060, size 1, value 0x00
IN  port 0x0060, size 1, value 0x00
IN  port 0x0060, size 1, value 0x00
IN  port 0x0060, size 1, value 0x00
IN  port 0x0060, size 1, value 0x00
IN  port 0x0060, size 1, value 0x00
IN  port 0x0060, size 1, value 0x00
IN  port 0x0060, size 1, value 0x00
IN  port 0x0060, size 1, value 0x00
IN  port 0x0060, size 1, value 0x00
IN  port 0x0060, size 1, value 0x00
IN  port 0x0060, size 1, value 0x00
IN  port 0x0060, size 1, value 0x00
IN  port 0x0060, size 1, value 0x00
IN  port 0x0060, size 1, value 0x00
IN  port 0x0060, size 1, value 0xAA
OUT port 0x0020, size 1, value 0x20
OUT port 0x0020, size 1, value 0x20
OUT port 0x0020, size 1, value 0x20
OUT port 0x0020, size 1, value 0x20
OUT port 0x0020, size 1, value 0x20
OUT port 0x0061, size 1, value 0xC0
OUT port 0x0061, size 1, value 0x40
OUT port 0x0020, size 1, value 0x20
OUT port 0x0020, size 1, value 0x20
OUT port 0x0020, size 1, value 0x20
OUT port 0x0020, size 1, value 0x20
OUT port 0x0020, size 1, value 0x20
IN  port 0x0060, size 1, value 0x00
OUT port 0x0210, size 1, value 0xAA
IN  port 0x0210, size 1, value 0xFF
OUT port 0x03D4, size 1, value 0x0E
OUT port 0x03D5, size 1, value 0x00
OUT port 0x03D4, size 1, value 0x0F
OUT port 0x03D5, size 1, value 0xA0
OUT port 0x0043, size 1, value 0xB6
OUT port 0x0042, size 1, value 0x08
OUT port 0x0042, size 1, value 0x08
IN  port 0x0061, size 1, value 0x40
OUT port 0x0061, size 1, value 0x43
OUT port 0x0061, size 1, value 0x41
IN  port 0x03DA, size 1, value 0x01
IN  port 0x03DA, size 1, value 0x01
IN  port 0x03DA, size 1, value 0x01
IN  port 0x03DA, size 1, value 0x01
IN  port 0x03DA, size 1, value 0x01
IN  port 0x03DA, size 1, value 0x00
IN  port 0x03DA, size 1, value 0x00
IN  port 0x03DA, size 1, value 0x00
IN  port 0x03DA, size 1, value 0x00
IN  port 0x03DA, size 1, value 0x00
IN  port 0x03DA, size 1, value 0x00
IN  port 0x03DA, size 1, value 0x00
IN  port 0x03DA, size 1, value 0x00
IN  port 0x03DA, size 1, value 0x00
IN  port 0x03DA, size 1, value 0x00
IN  port 0x03DA, size 1, value 0x00
IN  port 0x03DA, size 1, value 0x00
IN  port 0x03DA, size 1, value 0x01
OUT port 0x03D4, size 1, value 0x0E
OUT port 0x03D5, size 1, value 0x00
OUT port 0x03D4, size 1, value 0x0F
OUT port 0x03D5, size 1, value 0xA1
IN  port 0x03DA, size 1, value 0x00
IN  port 0x03DA, size 1, value 0x00
IN  port 0x03DA, size 1, value 0x00
IN  port 0x03DA, size 1, value 0x00
IN  port 0x03DA, size 1, value 0x00
IN  port 0x03DA, size 1, value 0x00
IN  port 0x03DA, size 1, value 0x00
IN  port 0x03DA, size 1, value 0x01
OUT port 0x03D4, size 1, value 0x0E
OUT port 0x03D5, size 1, value 0x00
OUT port 0x03D4, size 1, value 0x0F
OUT port 0x03D5, size 1, value 0xA2
IN  port 0x03DA, size 1, value 0x00
IN  port 0x03DA, size 1, value 0x00
IN  port 0x03DA, size 1, value 0x00
IN  port 0x03DA, size 1, value 0x00
IN  port 0x03DA, size 1, value 0x01
OUT port 0x03D4, size 1, value 0x0E
OUT port 0x03D5, size 1, value 0x00
OUT port 0x03D4, size 1, value 0x0F
OUT port 0x03D5, size 1, value 0xA3
IN  port 0x03DA, size 1, value 0x00
IN  port 0x03DA, size 1, value 0x00
IN  port 0x03DA, size 1, value 0x00
IN  port 0x03DA, size 1, value 0x01
OUT port 0x03D4, size 1, value 0x0E
OUT port 0x03D5, size 1, value 0x00
OUT port 0x03D4, size 1, value 0x0F
OUT port 0x03D5, size 1, value 0xA4
IN  port 0x03DA, size 1, value 0x00
IN  port 0x03DA, size 1, value 0x00
IN  port 0x03DA, size 1, value 0x00
IN  port 0x03DA, size 1, value 0x00
IN  port 0x03DA, size 1, value 0x01
OUT port 0x03D4, size 1, value 0x0E
OUT port 0x03D5, size 1, value 0x00
OUT port 0x03D4, size 1, value 0x0F
OUT port 0x03D5, size 1, value 0xA5
IN  port 0x03DA, size 1, value 0x01
IN  port 0x03DA, size 1, value 0x01
IN  port 0x03DA, size 1, value 0x01
IN  port 0x03DA, size 1, value 0x01
IN  port 0x03DA, size 1, value 0x01
IN  port 0x03DA, size 1, value 0x01
IN  port 0x03DA, size 1, value 0x01
IN  port 0x03DA, size 1, value 0x01
IN  port 0x03DA, size 1, value 0x01
IN  port 0x03DA, size 1, value 0x01
IN  port 0x03DA, size 1, value 0x01
IN  port 0x03DA, size 1, value 0x01
IN  port 0x03DA, size 1, value 0x01
IN  port 0x03DA, size 1, value 0x01
IN  port 0x03DA, size 1, value 0x01
IN  port 0x03DA, size 1, value 0x01
IN  port 0x03DA, size 1, value 0x01
IN  port 0x03DA, size 1, value 0x01
IN  port 0x03DA, size 1, value 0x01
IN  port 0x03DA, size 1, value 0x01
IN  port 0x03DA, size 1, value 0x01
IN  port 0x03DA, size 1, value 0x01
IN  port 0x03DA, size 1, value 0x01
IN  port 0x03DA, size 1, value 0x01
IN  port 0x03DA, size 1, value 0x01
IN  port 0x03DA, size 1, value 0x01
IN  port 0x03DA, size 1, value 0x01
IN  port 0x03DA, size 1, value 0x01
IN  port 0x03DA, size 1, value 0x01
IN  port 0x03DA, size 1, value 0x01
IN  port 0x03DA, size 1, value 0x01
IN  port 0x03DA, size 1, value 0x01
IN  port 0x03DA, size 1, value 0x01
IN  port 0x03DA, size 1, value 0x01
IN  port 0x03DA, size 1, value 0x01
IN  port 0x03DA, size 1, value 0x01
IN  port 0x03DA, size 1, value 0x01
IN  port 0x03DA, size 1, value 0x01
IN  port 0x03DA, size 1, value 0x01
IN  port 0x03DA, size 1, value 0x01
IN  port 0x03DA, size 1, value 0x01
IN  port 0x03DA, size 1, value 0x01
IN  port 0x03DA, size 1, value 0x01
IN  port 0x03DA, size 1, value 0x01
IN  port 0x03DA, size 1, value 0x01
IN  port 0x03DA, size 1, value 0x01
IN  port 0x03DA, size 1, value 0x01
IN  port 0x03DA, size 1, value 0x01
IN  port 0x03DA, size 1, value 0x01
IN  port 0x03DA, size 1, value 0x01
IN  port 0x03DA, size 1, value 0x01
IN  port 0x03DA, size 1, value 0x01
IN  port 0x03DA, size 1, value 0x01
IN  port 0x03DA, size 1, value 0x01
IN  port 0x03DA, size 1, value 0x01
IN  port 0x03DA, size 1, value 0x01
IN  port 0x03DA, size 1, value 0x01
IN  port 0x03DA, size 1, value 0x01
IN  port 0x03DA, size 1, value 0x01
IN  port 0x03DA, size 1, value 0x01
IN  port 0x03DA, size 1, value 0x01
IN  port 0x03DA, size 1, value 0x01
IN  port 0x03DA, size 1, value 0x01
IN  port 0x03DA, size 1, value 0x01
IN  port 0x03DA, size 1, value 0x01
IN  port 0x03DA, size 1, value 0x01
IN  port 0x03DA, size 1, value 0x01
IN  port 0x03DA, size 1, value 0x01
IN  port 0x03DA, size 1, value 0x01
IN  port 0x03DA, size 1, value 0x01
IN  port 0x03DA, size 1, value 0x01
IN  port 0x03DA, size 1, value 0x01
IN  port 0x03DA, size 1, value 0x01
IN  port 0x03DA, size 1, value 0x01
IN  port 0x03DA, size 1, value 0x01
IN  port 0x03DA, size 1, value 0x01
IN  port 0x03DA, size 1, value 0x01
IN  port 0x03DA, size 1, value 0x01
IN  port 0x03DA, size 1, value 0x01
IN  port 0x03DA, size 1, value 0x01
IN  port 0x03DA, size 1, value 0x01
IN  port 0x03DA, size 1, value 0x01
IN  port 0x03DA, size 1, value 0x01
IN  port 0x03DA, size 1, value 0x01
IN  port 0x03DA, size 1, value 0x01
IN  port 0x03DA, size 1, value 0x01
IN  port 0x03DA, size 1, value 0x01
IN  port 0x03DA, size 1, value 0x01
IN  port 0x03DA, size 1, value 0x01
IN  port 0x03DA, size 1, value 0x01
IN  port 0x03DA, size 1, value 0x01
IN  port 0x03DA, size 1, value 0x01
IN  port 0x03DA, size 1, value 0x01
IN  port 0x03DA, size 1, value 0x01
IN  port 0x03DA, size 1, value 0x01
IN  port 0x03DA, size 1, value 0x01
IN  port 0x03DA, size 1, value 0x01
IN  port 0x03DA, size 1, value 0x01
IN  port 0x03DA, size 1, value 0x01
IN  port 0x03DA, size 1, value 0x01
IN  port 0x03DA, size 1, value 0x01
IN  port 0x03DA, size 1, value 0x01
IN  port 0x03DA, size 1, value 0x01
IN  port 0x03DA, size 1, value 0x01
IN  port 0x03DA, size 1, value 0x01
IN  port 0x03DA, size 1, value 0x01
IN  port 0x03DA, size 1, value 0x01
IN  port 0x03DA, size 1, value 0x01
IN  port 0x03DA, size 1, value 0x01
IN  port 0x03DA, size 1, value 0x01
IN  port 0x03DA, size 1, value 0x01
IN  port 0x03DA, size 1, value 0x01
IN  port 0x03DA, size 1, value 0x01
IN  port 0x03DA, size 1, value 0x01
IN  port 0x03DA, size 1, value 0x01
IN  port 0x03DA, size 1, value 0x01
IN  port 0x03DA, size 1, value 0x01
IN  port 0x03DA, size 1, value 0x01
IN  port 0x03DA, size 1, value 0x01
IN  port 0x03DA, size 1, value 0x01
IN  port 0x03DA, size 1, value 0x01
IN  port 0x03DA, size 1, value 0x01
IN  port 0x03DA, size 1, value 0x01
IN  port 0x03DA, size 1, value 0x01
IN  port 0x03DA, size 1, value 0x01
IN  port 0x03DA, size 1, value 0x01
IN  port 0x03DA, size 1, value 0x01
IN  port 0x03DA, size 1, value 0x01
IN  port 0x03DA, size 1, value 0x01
IN  port 0x03DA, size 1, value 0x01
IN  port 0x03DA, size 1, value 0x01
IN  port 0x03DA, size 1, value 0x01
IN  port 0x03DA, size 1, value 0x01
IN  port 0x03DA, size 1, value 0x01
IN  port 0x03DA, size 1, value 0x01
IN  port 0x03DA, size 1, value 0x01
IN  port 0x03DA, size 1, value 0x01
IN  port 0x03DA, size 1, value 0x01
IN  port 0x03DA, size 1, value 0x01
IN  port 0x03DA, size 1, value 0x01
IN  port 0x03DA, size 1, value 0x01
IN  port 0x03DA, size 1, value 0x01
IN  port 0x03DA, size 1, value 0x01
IN  port 0x03DA, size 1, value 0x01
IN  port 0x03DA, size 1, value 0x01
IN  port 0x03DA, size 1, value 0x01
IN  port 0x03DA, size 1, value 0x01
IN  port 0x03DA, size 1, value 0x01
IN  port 0x03DA, size 1, value 0x01
IN  port 0x03DA, size 1, value 0x01
IN  port 0x03DA, size 1, value 0x01
IN  port 0x03DA, size 1, value 0x01
IN  port 0x03DA, size 1, value 0x01
IN  port 0x03DA, size 1, value 0x01
IN  port 0x03DA, size 1, value 0x01
IN  port 0x03DA, size 1, value 0x01
IN  port 0x03DA, size 1, value 0x01
IN  port 0x03DA, size 1, value 0x01
IN  port 0x03DA, size 1, value 0x01
IN  port 0x03DA, size 1, value 0x01
IN  port 0x03DA, size 1, value 0x01
IN  port 0x03DA, size 1, value 0x01
IN  port 0x03DA, size 1, value 0x01
IN  port 0x03DA, size 1, value 0x01
IN  port 0x03DA, size 1, value 0x01
IN  port 0x03DA, size 1, value 0x01
IN  port 0x03DA, size 1, value 0x01
IN  port 0x03DA, size 1, value 0x01
IN  port 0x03DA, size 1, value 0x01
IN  port 0x03DA, size 1, value 0x01
IN  port 0x03DA, size 1, value 0x01
IN  port 0x03DA, size 1, value 0x01
IN  port 0x03DA, size 1, value 0x01
IN  port 0x03DA, size 1, value 0x01
IN  port 0x03DA, size 1, value 0x01
IN  port 0x03DA, size 1, value 0x01
IN  port 0x03DA, size 1, value 0x01
IN  port 0x03DA, size 1, value 0x01
IN  port 0x03DA, size 1, value 0x01
IN  port 0x03DA, size 1, value 0x01
IN  port 0x03DA, size 1, value 0x01
IN  port 0x03DA, size 1, value 0x01
IN  port 0x03DA, size 1, value 0x01
IN  port 0x03DA, size 1, value 0x01
IN  port 0x03DA, size 1, value 0x01
IN  port 0x03DA, size 1, value 0x01
IN  port 0x03DA, size 1, value 0x01
IN  port 0x03DA, size 1, value 0x01
IN  port 0x03DA, size 1, value 0x01
IN  port 0x03DA, size 1, value 0x01
IN  port 0x03DA, size 1, value 0x01
IN  port 0x03DA, size 1, value 0x01
IN  port 0x03DA, size 1, value 0x01
IN  port 0x03DA, size 1, value 0x01
IN  port 0x03DA, size 1, value 0x01
IN  port 0x03DA, size 1, value 0x01
IN  port 0x03DA, size 1, value 0x01
IN  port 0x03DA, size 1, value 0x01
IN  port 0x03DA, size 1, value 0x01
IN  port 0x03DA, size 1, value 0x01
IN  port 0x03DA, size 1, value 0x01
IN  port 0x03DA, size 1, value 0x01
IN  port 0x03DA, size 1, value 0x01
IN  port 0x03DA, size 1, value 0x01
IN  port 0x03DA, size 1, value 0x01
IN  port 0x03DA, size 1, value 0x01
IN  port 0x03DA, size 1, value 0x01
IN  port 0x03DA, size 1, value 0x01
IN  port 0x03DA, size 1, value 0x01
IN  port 0x03DA, size 1, value 0x01
IN  port 0x03DA, size 1, value 0x01
IN  port 0x03DA, size 1, value 0x01
IN  port 0x03DA, size 1, value 0x01
IN  port 0x03DA, size 1, value 0x01
IN  port 0x03DA, size 1, value 0x01
IN  port 0x03DA, size 1, value 0x01
IN  port 0x03DA, size 1, value 0x01
IN  port 0x03DA, size 1, value 0x01
IN  port 0x03DA, size 1, value 0x01
IN  port 0x03DA, size 1, value 0x01
IN  port 0x03DA, size 1, value 0x01
IN  port 0x03DA, size 1, value 0x01
IN  port 0x03DA, size 1, value 0x01
IN  port 0x03DA, size 1, value 0x01
IN  port 0x03DA, size 1, value 0x01
IN  port 0x03DA, size 1, value 0x01
IN  port 0x03DA, size 1, value 0x01
IN  port 0x03DA, size 1, value 0x01
IN  port 0x03DA, size 1, value 0x01
IN  port 0x03DA, size 1, value 0x01
IN  port 0x03DA, size 1, value 0x01
IN  port 0x03DA, size 1, value 0x01
IN  port 0x03DA, size 1, value 0x01
IN  port 0x03DA, size 1, value 0x01
IN  port 0x03DA, size 1, value 0x01
IN  port 0x03DA, size 1, value 0x01
IN  port 0x03DA, size 1, value 0x01
IN  port 0x03DA, size 1, value 0x01
IN  port 0x03DA, size 1, value 0x01
IN  port 0x03DA, size 1, value 0x01
IN  port 0x03DA, size 1, value 0x01
IN  port 0x03DA, size 1, value 0x01
IN  port 0x03DA, size 1, value 0x01
IN  port 0x03DA, size 1, value 0x01
IN  port 0x03DA, size 1, value 0x01
IN  port 0x03DA, size 1, value 0x01
IN  port 0x03DA, size 1, value 0x01
IN  port 0x03DA, size 1, value 0x01
IN  port 0x03DA, size 1, value 0x01
IN  port 0x03DA, size 1, value 0x01
IN  port 0x03DA, size 1, value 0x01
IN  port 0x03DA, size 1, value 0x01
IN  port 0x03DA, size 1, value 0x01
IN  port 0x03DA, size 1, value 0x01
IN  port 0x03DA, size 1, value 0x01
IN  port 0x03DA, size 1, value 0x01
IN  port 0x03DA, size 1, value 0x01
IN  port 0x03DA, size 1, value 0x01
IN  port 0x03DA, size 1, value 0x01
IN  port 0x03DA, size 1, value 0x01
IN  port 0x03DA, size 1, value 0x01
IN  port 0x03DA, size 1, value 0x01
IN  port 0x03DA, size 1, value 0x01
IN  port 0x03DA, size 1, value 0x01
IN  port 0x03DA, size 1, value 0x01
IN  port 0x03DA, size 1, value 0x01
IN  port 0x03DA, size 1, value 0x01
IN  port 0x03DA, size 1, value 0x01
IN  port 0x03DA, size 1, value 0x01
IN  port 0x03DA, size 1, value 0x01
IN  port 0x03DA, size 1, value 0x01
IN  port 0x03DA, size 1, value 0x01
IN  port 0x03DA, size 1, value 0x01
IN  port 0x03DA, size 1, value 0x01
IN  port 0x03DA, size 1, value 0x01
IN  port 0x03DA, size 1, value 0x01
IN  port 0x03DA, size 1, value 0x01
IN  port 0x03DA, size 1, value 0x01
IN  port 0x03DA, size 1, value 0x01
IN  port 0x03DA, size 1, value 0x01
IN  port 0x03DA, size 1, value 0x01
IN  port 0x03DA, size 1, value 0x01
IN  port 0x03DA, size 1, value 0x01
IN  port 0x03DA, size 1, value 0x01
IN  port 0x03DA, size 1, value 0x01
IN  port 0x03DA, size 1, value 0x01
IN  port 0x03DA, size 1, value 0x01
IN  port 0x03DA, size 1, value 0x01
IN  port 0x03DA, size 1, value 0x01
IN  port 0x03DA, size 1, value 0x01
IN  port 0x03DA, size 1, value 0x01
IN  port 0x03DA, size 1, value 0x01
IN  port 0x03DA, size 1, value 0x01
IN  port 0x03DA, size 1, value 0x01
IN  port 0x03DA, size 1, value 0x01
IN  port 0x03DA, size 1, value 0x01
IN  port 0x03DA, size 1, value 0x01
IN  port 0x03DA, size 1, value 0x01
IN  port 0x03DA, size 1, value 0x01
IN  port 0x03DA, size 1, value 0x01
IN  port 0x03DA, size 1, value 0x01
IN  port 0x03DA, size 1, value 0x01
IN  port 0x03DA, size 1, value 0x01
IN  port 0x03DA, size 1, value 0x01
IN  port 0x03DA, size 1, value 0x01
IN  port 0x03DA, size 1, value 0x01
IN  port 0x03DA, size 1, value 0x01
IN  port 0x03DA, size 1, value 0x01
IN  port 0x03DA, size 1, value 0x01
IN  port 0x03DA, size 1, value 0x01
IN  port 0x03DA, size 1, value 0x01
IN  port 0x03DA, size 1, value 0x01
IN  port 0x03DA, size 1, value 0x01
IN  port 0x03DA, size 1, value 0x01
IN  port 0x03DA, size 1, value 0x01
IN  port 0x03DA, size 1, value 0x01
IN  port 0x03DA, size 1, value 0x01
IN  port 0x03DA, size 1, value 0x01
IN  port 0x03DA, size 1, value 0x01
IN  port 0x03DA, size 1, value 0x01
IN  port 0x03DA, size 1, value 0x01
IN  port 0x03DA, size 1, value 0x01
IN  port 0x03DA, size 1, value 0x01
IN  port 0x03DA, size 1, value 0x01
IN  port 0x03DA, size 1, value 0x01
IN  port 0x03DA, size 1, value 0x01
IN  port 0x03DA, size 1, value 0x01
IN  port 0x03DA, size 1, value 0x01
IN  port 0x03DA, size 1, value 0x01
IN  port 0x03DA, size 1, value 0x01
IN  port 0x03DA, size 1, value 0x01
IN  port 0x03DA, size 1, value 0x01
IN  port 0x03DA, size 1, value 0x01
IN  port 0x03DA, size 1, value 0x01
IN  port 0x03DA, size 1, value 0x01
IN  port 0x03DA, size 1, value 0x01
IN  port 0x03DA, size 1, value 0x01
IN  port 0x03DA, size 1, value 0x01
IN  port 0x03DA, size 1, value 0x01
IN  port 0x03DA, size 1, value 0x01
IN  port 0x03DA, size 1, value 0x01
IN  port 0x03DA, size 1, value 0x01
IN  port 0x03DA, size 1, value 0x01
IN  port 0x03DA, size 1, value 0x01
IN  port 0x03DA, size 1, value 0x01
IN  port 0x03DA, size 1, value 0x01
IN  port 0x03DA, size 1, value 0x01
IN  port 0x03DA, size 1, value 0x01
IN  port 0x03DA, size 1, value 0x01
IN  port 0x03DA, size 1, value 0x01
IN  port 0x03DA, size 1, value 0x01
IN  port 0x03DA, size 1, value 0x01
IN  port 0x03DA, size 1, value 0x01
IN  port 0x03DA, size 1, value 0x01
IN  port 0x03DA, size 1, value 0x01
IN  port 0x03DA, size 1, value 0x01
IN  port 0x03DA, size 1, value 0x01
IN  port 0x03DA, size 1, value 0x01
IN  port 0x03DA, size 1, value 0x09
IN  port 0x03DA, size 1, value 0x09
IN  port 0x03DA, size 1, value 0x09
IN  port 0x03DA, size 1, value 0x09
IN  port 0x03DA, size 1, value 0x09
IN  port 0x03DA, size 1, value 0x09
IN  port 0x03DA, size 1, value 0x09
IN  port 0x03DA, size 1, value 0x09
IN  port 0x03DA, size 1, value 0x09
IN  port 0x03DA, size 1, value 0x09
IN  port 0x03DA, size 1, value 0x09
IN  port 0x03DA, size 1, value 0x09
IN  port 0x03DA, size 1, value 0x09
IN  port 0x03DA, size 1, value 0x09
IN  port 0x03DA, size 1, value 0x09
IN  port 0x03DA, size 1, value 0x09
IN  port 0x03DA, size 1, value 0x09
IN  port 0x03DA, size 1, value 0x09
IN  port 0x03DA, size 1, value 0x09
IN  port 0x03DA, size 1, value 0x09
IN  port 0x03DA, size 1, value 0x09
IN  port 0x03DA, size 1, value 0x09
IN  port 0x03DA, size 1, value 0x09
IN  port 0x03DA, size 1, value 0x09
IN  port 0x03DA, size 1, value 0x09
IN  port 0x03DA, size 1, value 0x09
IN  port 0x03DA, size 1, value 0x09
IN  port 0x03DA, size 1, value 0x09
IN  port 0x03DA, size 1, value 0x09
IN  port 0x03DA, size 1, value 0x09
IN  port 0x03DA, size 1, value 0x09
IN  port 0x03DA, size 1, value 0x09
IN  port 0x03DA, size 1, value 0x09
IN  port 0x03DA, size 1, value 0x09
IN  port 0x03DA, size 1, value 0x09
IN  port 0x03DA, size 1, value 0x09
IN  port 0x03DA, size 1, value 0x09
IN  port 0x03DA, size 1, value 0x09
IN  port 0x03DA, size 1, value 0x09
IN  port 0x03DA, size 1, value 0x09
IN  port 0x03DA, size 1, value 0x09
IN  port 0x03DA, size 1, value 0x09
IN  port 0x03DA, size 1, value 0x09
IN  port 0x03DA, size 1, value 0x09
IN  port 0x03DA, size 1, value 0x09
IN  port 0x03DA, size 1, value 0x09
IN  port 0x03DA, size 1, value 0x09
IN  port 0x03DA, size 1, value 0x09
IN  port 0x03DA, size 1, value 0x09
IN  port 0x03DA, size 1, value 0x09
IN  port 0x03DA, size 1, value 0x09
IN  port 0x03DA, size 1, value 0x09
IN  port 0x03DA, size 1, value 0x09
IN  port 0x03DA, size 1, value 0x09
IN  port 0x03DA, size 1, value 0x09
IN  port 0x03DA, size 1, value 0x09
IN  port 0x03DA, size 1, value 0x09
IN  port 0x03DA, size 1, value 0x09
IN  port 0x03DA, size 1, value 0x09
IN  port 0x03DA, size 1, value 0x09
IN  port 0x03DA, size 1, value 0x09
IN  port 0x03DA, size 1, value 0x09
IN  port 0x03DA, size 1, value 0x09
IN  port 0x03DA, size 1, value 0x09
IN  port 0x03DA, size 1, value 0x09
IN  port 0x03DA, size 1, value 0x09
IN  port 0x03DA, size 1, value 0x09
IN  port 0x03DA, size 1, value 0x09
IN  port 0x03DA, size 1, value 0x09
IN  port 0x03DA, size 1, value 0x09
IN  port 0x03DA, size 1, value 0x09
IN  port 0x03DA, size 1, value 0x09
IN  port 0x03DA, size 1, value 0x09
IN  port 0x03DA, size 1, value 0x09
IN  port 0x03DA, size 1, value 0x09
IN  port 0x03DA, size 1, value 0x09
IN  port 0x03DA, size 1, value 0x09
IN  port 0x03DA, size 1, value 0x09
IN  port 0x03DA, size 1, value 0x09
IN  port 0x03DA, size 1, value 0x09
IN  port 0x03DA, size 1, value 0x09
IN  port 0x03DA, size 1, value 0x09
IN  port 0x03DA, size 1, value 0x09
IN  port 0x03DA, size 1, value 0x09
IN  port 0x03DA, size 1, value 0x09
IN  port 0x03DA, size 1, value 0x09
IN  port 0x03DA, size 1, value 0x09
IN  port 0x03DA, size 1, value 0x09
IN  port 0x03DA, size 1, value 0x09
IN  port 0x03DA, size 1, value 0x09
IN  port 0x03DA, size 1, value 0x09
IN  port 0x03DA, size 1, value 0x09
IN  port 0x03DA, size 1, value 0x09
IN  port 0x03DA, size 1, value 0x09
IN  port 0x03DA, size 1, value 0x09
IN  port 0x03DA, size 1, value 0x09
IN  port 0x03DA, size 1, value 0x09
IN  port 0x03DA, size 1, value 0x09
IN  port 0x03DA, size 1, value 0x09
IN  port 0x03DA, size 1, value 0x09
IN  port 0x03DA, size 1, value 0x09
IN  port 0x03DA, size 1, value 0x09
IN  port 0x03DA, size 1, value 0x09
IN  port 0x03DA, size 1, value 0x09
IN  port 0x03DA, size 1, value 0x09
IN  port 0x03DA, size 1, value 0x09
IN  port 0x03DA, size 1, value 0x09
IN  port 0x03DA, size 1, value 0x09
IN  port 0x03DA, size 1, value 0x09
IN  port 0x03DA, size 1, value 0x09
IN  port 0x03DA, size 1, value 0x09
IN  port 0x03DA, size 1, value 0x09
IN  port 0x03DA, size 1, value 0x09
IN  port 0x03DA, size 1, value 0x09
IN  port 0x03DA, size 1, value 0x09
IN  port 0x03DA, size 1, value 0x09
IN  port 0x03DA, size 1, value 0x09
IN  port 0x03DA, size 1, value 0x09
IN  port 0x03DA, size 1, value 0x09
IN  port 0x03DA, size 1, value 0x09
IN  port 0x03DA, size 1, value 0x09
IN  port 0x03DA, size 1, value 0x09
IN  port 0x03DA, size 1, value 0x09
IN  port 0x03DA, size 1, value 0x09
IN  port 0x03DA, size 1, value 0x09
IN  port 0x03DA, size 1, value 0x09
IN  port 0x03DA, size 1, value 0x09
IN  port 0x03DA, size 1, value 0x09
IN  port 0x03DA, size 1, value 0x09
IN  port 0x03DA, size 1, value 0x09
IN  port 0x03DA, size 1, value 0x09
IN  port 0x03DA, size 1, value 0x09
IN  port 0x03DA, size 1, value 0x09
IN  port 0x03DA, size 1, value 0x09
IN  port 0x03DA, size 1, value 0x09
IN  port 0x03DA, size 1, value 0x09
IN  port 0x03DA, size 1, value 0x09
IN  port 0x03DA, size 1, value 0x09
IN  port 0x03DA, size 1, value 0x09
IN  port 0x03DA, size 1, value 0x09
IN  port 0x03DA, size 1, value 0x09
IN  port 0x03DA, size 1, value 0x09
IN  port 0x03DA, size 1, value 0x09
IN  port 0x03DA, size 1, value 0x09
IN  port 0x03DA, size 1, value 0x09
IN  port 0x03DA, size 1, value 0x09
IN  port 0x03DA, size 1, value 0x09
IN  port 0x03DA, size 1, value 0x09
IN  port 0x03DA, size 1, value 0x09
IN  port 0x03DA, size 1, value 0x09
IN  port 0x03DA, size 1, value 0x09
IN  port 0x03DA, size 1, value 0x09
IN  port 0x03DA, size 1, value 0x09
IN  port 0x03DA, size 1, value 0x09
IN  port 0x03DA, size 1, value 0x09
IN  port 0x03DA, size 1, value 0x09
IN  port 0x03DA, size 1, value 0x09
IN  port 0x03DA, size 1, value 0x09
IN  port 0x03DA, size 1, value 0x09
IN  port 0x03DA, size 1, value 0x09
IN  port 0x03DA, size 1, value 0x09
IN  port 0x03DA, size 1, value 0x09
IN  port 0x03DA, size 1, value 0x09
IN  port 0x03DA, size 1, value 0x09
IN  port 0x03DA, size 1, value 0x09
IN  port 0x03DA, size 1, value 0x09
IN  port 0x03DA, size 1, value 0x09
IN  port 0x03DA, size 1, value 0x09
IN  port 0x03DA, size 1, value 0x09
IN  port 0x03DA, size 1, value 0x09
IN  port 0x03DA, size 1, value 0x09
IN  port 0x03DA, size 1, value 0x09
IN  port 0x03DA, size 1, value 0x09
IN  port 0x03DA, size 1, value 0x09
IN  port 0x03DA, size 1, value 0x09
IN  port 0x03DA, size 1, value 0x09
IN  port 0x03DA, size 1, value 0x09
IN  port 0x03DA, size 1, value 0x09
IN  port 0x03DA, size 1, value 0x09
IN  port 0x03DA, size 1, value 0x09
IN  port 0x03DA, size 1, value 0x09
IN  port 0x03DA, size 1, value 0x09
IN  port 0x03DA, size 1, value 0x09
IN  port 0x03DA, size 1, value 0x09
IN  port 0x03DA, size 1, value 0x09
IN  port 0x03DA, size 1, value 0x09
IN  port 0x03DA, size 1, value 0x09
IN  port 0x03DA, size 1, value 0x09
IN  port 0x03DA, size 1, value 0x09
IN  port 0x03DA, size 1, value 0x09
IN  port 0x03DA, size 1, value 0x09
IN  port 0x03DA, size 1, value 0x09
IN  port 0x03DA, size 1, value 0x09
IN  port 0x03DA, size 1, value 0x09
IN  port 0x03DA, size 1, value 0x09
IN  port 0x03DA, size 1, value 0x09
IN  port 0x03DA, size 1, value 0x09
IN  port 0x03DA, size 1, value 0x09
IN  port 0x03DA, size 1, value 0x09
IN  port 0x03DA, size 1, value 0x09
IN  port 0x03DA, size 1, value 0x09
IN  port 0x03DA, size 1, value 0x09
IN  port 0x03DA, size 1, value 0x09
IN  port 0x03DA, size 1, value 0x09
IN  port 0x03DA, size 1, value 0x09
IN  port 0x03DA, size 1, value 0x09
IN  port 0x03DA, size 1, value 0x09
IN  port 0x03DA, size 1, value 0x09
IN  port 0x03DA, size 1, value 0x09
IN  port 0x03DA, size 1, value 0x09
IN  port 0x03DA, size 1, value 0x09
IN  port 0x03DA, size 1, value 0x09
IN  port 0x03DA, size 1, value 0x09
IN  port 0x03DA, size 1, value 0x09
IN  port 0x03DA, size 1, value 0x09
IN  port 0x03DA, size 1, value 0x09
IN  port 0x03DA, size 1, value 0x09
IN  port 0x03DA, size 1, value 0x09
IN  port 0x03DA, size 1, value 0x09
IN  port 0x03DA, size 1, value 0x09
IN  port 0x03DA, size 1, value 0x09
IN  port 0x03DA, size 1, value 0x09
IN  port 0x03DA, size 1, value 0x09
IN  port 0x03DA, size 1, value 0x09
IN  port 0x03DA, size 1, value 0x09
IN  port 0x03DA, size 1, value 0x09
IN  port 0x03DA, size 1, value 0x09
IN  port 0x03DA, size 1, value 0x09
IN  port 0x03DA, size 1, value 0x09
IN  port 0x03DA, size 1, value 0x09
IN  port 0x03DA, size 1, value 0x09
IN  port 0x03DA, size 1, value 0x09
IN  port 0x03DA, size 1, value 0x09
IN  port 0x03DA, size 1, value 0x09
IN  port 0x03DA, size 1, value 0x09
IN  port 0x03DA, size 1, value 0x09
IN  port 0x03DA, size 1, value 0x09
IN  port 0x03DA, size 1, value 0x09
IN  port 0x03DA, size 1, value 0x09
IN  port 0x03DA, size 1, value 0x09
IN  port 0x03DA, size 1, value 0x09
IN  port 0x03DA, size 1, value 0x09
IN  port 0x03DA, size 1, value 0x09
IN  port 0x03DA, size 1, value 0x09
IN  port 0x03DA, size 1, value 0x09
IN  port 0x03DA, size 1, value 0x09
IN  port 0x03DA, size 1, value 0x09
IN  port 0x03DA, size 1, value 0x09
IN  port 0x03DA, size 1, value 0x09
IN  port 0x03DA, size 1, value 0x09
IN  port 0x03DA, size 1, value 0x09
IN  port 0x03DA, size 1, value 0x09
IN  port 0x03DA, size 1, value 0x09
IN  port 0x03DA, size 1, value 0x09
IN  port 0x03DA, size 1, value 0x09
IN  port 0x03DA, size 1, value 0x09
IN  port 0x03DA, size 1, value 0x09
IN  port 0x03DA, size 1, value 0x09
IN  port 0x03DA, size 1, value 0x01
IN  port 0x03DA, size 1, value 0x01
IN  port 0x03DA, size 1, value 0x01
IN  port 0x03DA, size 1, value 0x01
IN  port 0x03DA, size 1, value 0x01
IN  port 0x03DA, size 1, value 0x01
IN  port 0x03DA, size 1, value 0x01
IN  port 0x03DA, size 1, value 0x01
IN  port 0x03DA, size 1, value 0x01
IN  port 0x03DA, size 1, value 0x01
IN  port 0x03DA, size 1, value 0x01
IN  port 0x03DA, size 1, value 0x01
IN  port 0x03DA, size 1, value 0x01
IN  port 0x03DA, size 1, value 0x01
IN  port 0x03DA, size 1, value 0x01
IN  port 0x03DA, size 1, value 0x01
IN  port 0x03DA, size 1, value 0x01
IN  port 0x03DA, size 1, value 0x01
IN  port 0x03DA, size 1, value 0x01
IN  port 0x03DA, size 1, value 0x01
IN  port 0x03DA, size 1, value 0x01
IN  port 0x03DA, size 1, value 0x01
IN  port 0x03DA, size 1, value 0x01
IN  port 0x03DA, size 1, value 0x01
IN  port 0x03DA, size 1, value 0x01
IN  port 0x03DA, size 1, value 0x01
IN  port 0x03DA, size 1, value 0x01
IN  port 0x03DA, size 1, value 0x01
IN  port 0x03DA, size 1, value 0x01
IN  port 0x03DA, size 1, value 0x01
IN  port 0x03DA, size 1, value 0x01
IN  port 0x03DA, size 1, value 0x01
IN  port 0x03DA, size 1, value 0x01
IN  port 0x03DA, size 1, value 0x01
IN  port 0x03DA, size 1, value 0x01
IN  port 0x03DA, size 1, value 0x01
IN  port 0x03DA, size 1, value 0x01
IN  port 0x03DA, size 1, value 0x01
IN  port 0x03DA, size 1, value 0x01
IN  port 0x03DA, size 1, value 0x01
IN  port 0x03DA, size 1, value 0x01
IN  port 0x03DA, size 1, value 0x01
IN  port 0x03DA, size 1, value 0x01
IN  port 0x03DA, size 1, value 0x01
IN  port 0x03DA, size 1, value 0x01
IN  port 0x03DA, size 1, value 0x01
IN  port 0x03DA, size 1, value 0x01
IN  port 0x03DA, size 1, value 0x01
IN  port 0x03DA, size 1, value 0x01
IN  port 0x03DA, size 1, value 0x01
IN  port 0x03DA, size 1, value 0x01
IN  port 0x03DA, size 1, value 0x01
IN  port 0x03DA, size 1, value 0x01
IN  port 0x03DA, size 1, value 0x01
IN  port 0x03DA, size 1, value 0x01
IN  port 0x03DA, size 1, value 0x01
IN  port 0x03DA, size 1, value 0x01
IN  port 0x03DA, size 1, value 0x01
IN  port 0x03DA, size 1, value 0x01
IN  port 0x03DA, size 1, value 0x01
IN  port 0x03DA, size 1, value 0x01
IN  port 0x03DA, size 1, value 0x01
IN  port 0x03DA, size 1, value 0x01
IN  port 0x03DA, size 1, value 0x01
IN  port 0x03DA, size 1, value 0x01
IN  port 0x03DA, size 1, value 0x01
IN  port 0x03DA, size 1, value 0x01
IN  port 0x03DA, size 1, value 0x01
IN  port 0x03DA, size 1, value 0x01
IN  port 0x03DA, size 1, value 0x01
IN  port 0x03DA, size 1, value 0x01
IN  port 0x03DA, size 1, value 0x01
IN  port 0x03DA, size 1, value 0x01
IN  port 0x03DA, size 1, value 0x01
IN  port 0x03DA, size 1, value 0x01
IN  port 0x03DA, size 1, value 0x01
IN  port 0x03DA, size 1, value 0x01
IN  port 0x03DA, size 1, value 0x01
IN  port 0x03DA, size 1, value 0x01
IN  port 0x03DA, size 1, value 0x01
IN  port 0x03DA, size 1, value 0x01
IN  port 0x03DA, size 1, value 0x01
IN  port 0x03DA, size 1, value 0x01
IN  port 0x03DA, size 1, value 0x01
IN  port 0x03DA, size 1, value 0x01
IN  port 0x03DA, size 1, value 0x01
IN  port 0x03DA, size 1, value 0x01
IN  port 0x03DA, size 1, value 0x01
IN  port 0x03DA, size 1, value 0x01
IN  port 0x03DA, size 1, value 0x01
IN  port 0x03DA, size 1, value 0x01
IN  port 0x03DA, size 1, value 0x01
IN  port 0x03DA, size 1, value 0x01
IN  port 0x03DA, size 1, value 0x01
IN  port 0x03DA, size 1, value 0x01
IN  port 0x03DA, size 1, value 0x01
IN  port 0x03DA, size 1, value 0x01
IN  port 0x03DA, size 1, value 0x01
IN  port 0x03DA, size 1, value 0x01
IN  port 0x03DA, size 1, value 0x01
IN  port 0x03DA, size 1, value 0x01
IN  port 0x03DA, size 1, value 0x01
IN  port 0x03DA, size 1, value 0x01
IN  port 0x03DA, size 1, value 0x01
IN  port 0x03DA, size 1, value 0x01
IN  port 0x03DA, size 1, value 0x01
IN  port 0x03DA, size 1, value 0x01
IN  port 0x03DA, size 1, value 0x01
IN  port 0x03DA, size 1, value 0x01
IN  port 0x03DA, size 1, value 0x01
IN  port 0x03DA, size 1, value 0x01
IN  port 0x03DA, size 1, value 0x01
IN  port 0x03DA, size 1, value 0x01
IN  port 0x03DA, size 1, value 0x01
IN  port 0x03DA, size 1, value 0x01
IN  port 0x03DA, size 1, value 0x01
IN  port 0x03DA, size 1, value 0x01
IN  port 0x03DA, size 1, value 0x01
IN  port 0x03DA, size 1, value 0x01
IN  port 0x03DA, size 1, value 0x01
IN  port 0x03DA, size 1, value 0x01
IN  port 0x03DA, size 1, value 0x01
IN  port 0x03DA, size 1, value 0x01
IN  port 0x03DA, size 1, value 0x01
IN  port 0x03DA, size 1, value 0x01
IN  port 0x03DA, size 1, value 0x01
IN  port 0x03DA, size 1, value 0x01
IN  port 0x03DA, size 1, value 0x01
IN  port 0x03DA, size 1, value 0x01
IN  port 0x03DA, size 1, value 0x01
IN  port 0x03DA, size 1, value 0x01
IN  port 0x03DA, size 1, value 0x01
IN  port 0x03DA, size 1, value 0x01
IN  port 0x03DA, size 1, value 0x01
IN  port 0x03DA, size 1, value 0x01
IN  port 0x03DA, size 1, value 0x01
IN  port 0x03DA, size 1, value 0x01
IN  port 0x03DA, size 1, value 0x01
IN  port 0x03DA, size 1, value 0x01
IN  port 0x03DA, size 1, value 0x01
IN  port 0x03DA, size 1, value 0x01
IN  port 0x03DA, size 1, value 0x01
IN  port 0x03DA, size 1, value 0x01
IN  port 0x03DA, size 1, value 0x01
IN  port 0x03DA, size 1, value 0x01
IN  port 0x03DA, size 1, value 0x01
IN  port 0x03DA, size 1, value 0x01
IN  port 0x03DA, size 1, value 0x01
IN  port 0x03DA, size 1, value 0x01
IN  port 0x03DA, size 1, value 0x01
IN  port 0x03DA, size 1, value 0x01
IN  port 0x03DA, size 1, value 0x01
IN  port 0x03DA, size 1, value 0x01
IN  port 0x03DA, size 1, value 0x01
IN  port 0x03DA, size 1, value 0x01
IN  port 0x03DA, size 1, value 0x01
IN  port 0x03DA, size 1, value 0x01
IN  port 0x03DA, size 1, value 0x01
IN  port 0x03DA, size 1, value 0x01
IN  port 0x03DA, size 1, value 0x01
IN  port 0x03DA, size 1, value 0x01
IN  port 0x03DA, size 1, value 0x01
IN  port 0x03DA, size 1, value 0x01
IN  port 0x03DA, size 1, value 0x01
IN  port 0x03DA, size 1, value 0x01
IN  port 0x03DA, size 1, value 0x01
IN  port 0x03DA, size 1, value 0x01
IN  port 0x03DA, size 1, value 0x01
IN  port 0x03DA, size 1, value 0x01
IN  port 0x03DA, size 1, value 0x01
IN  port 0x03DA, size 1, value 0x01
IN  port 0x03DA, size 1, value 0x01
IN  port 0x03DA, size 1, value 0x01
IN  port 0x03DA, size 1, value 0x01
IN  port 0x03DA, size 1, value 0x01
IN  port 0x03DA, size 1, value 0x01
IN  port 0x03DA, size 1, value 0x01
IN  port 0x03DA, size 1, value 0x01
IN  port 0x03DA, size 1, value 0x01
IN  port 0x03DA, size 1, value 0x01
IN  port 0x03DA, size 1, value 0x01
IN  port 0x03DA, size 1, value 0x01
IN  port 0x03DA, size 1, value 0x01
IN  port 0x03DA, size 1, value 0x01
IN  port 0x03DA, size 1, value 0x01
IN  port 0x03DA, size 1, value 0x01
IN  port 0x03DA, size 1, value 0x01
IN  port 0x03DA, size 1, value 0x01
IN  port 0x03DA, size 1, value 0x01
IN  port 0x03DA, size 1, value 0x01
IN  port 0x03DA, size 1, value 0x01
IN  port 0x03DA, size 1, value 0x01
IN  port 0x03DA, size 1, value 0x01
IN  port 0x03DA, size 1, value 0x01
IN  port 0x03DA, size 1, value 0x01
IN  port 0x03DA, size 1, value 0x01
IN  port 0x03DA, size 1, value 0x01
IN  port 0x03DA, size 1, value 0x01
IN  port 0x03DA, size 1, value 0x01
IN  port 0x03DA, size 1, value 0x01
IN  port 0x03DA, size 1, value 0x01
IN  port 0x03DA, size 1, value 0x01
IN  port 0x03DA, size 1, value 0x01
IN  port 0x03DA, size 1, value 0x01
IN  port 0x03DA, size 1, value 0x01
IN  port 0x03DA, size 1, value 0x01
IN  port 0x03DA, size 1, value 0x01
IN  port 0x03DA, size 1, value 0x01
IN  port 0x03DA, size 1, value 0x01
IN  port 0x03DA, size 1, value 0x01
IN  port 0x03DA, size 1, value 0x01
IN  port 0x03DA, size 1, value 0x01
IN  port 0x03DA, size 1, value 0x01
IN  port 0x03DA, size 1, value 0x01
IN  port 0x03DA, size 1, value 0x01
IN  port 0x03DA, size 1, value 0x01
IN  port 0x03DA, size 1, value 0x01
IN  port 0x03DA, size 1, value 0x01
IN  port 0x03DA, size 1, value 0x01
IN  port 0x03DA, size 1, value 0x01
IN  port 0x03DA, size 1, value 0x01
IN  port 0x03DA, size 1, value 0x01
IN  port 0x03DA, size 1, value 0x01
IN  port 0x03DA, size 1, value 0x01
IN  port 0x03DA, size 1, value 0x01
IN  port 0x03DA, size 1, value 0x01
IN  port 0x03DA, size 1, value 0x01
IN  port 0x03DA, size 1, value 0x01
IN  port 0x03DA, size 1, value 0x01
IN  port 0x03DA, size 1, value 0x01
IN  port 0x03DA, size 1, value 0x01
IN  port 0x03DA, size 1, value 0x01
IN  port 0x03DA, size 1, value 0x01
IN  port 0x03DA, size 1, value 0x01
IN  port 0x03DA, size 1, value 0x01
IN  port 0x03DA, size 1, value 0x01
IN  port 0x03DA, size 1, value 0x01
IN  port 0x03DA, size 1, value 0x01
IN  port 0x03DA, size 1, value 0x01
IN  port 0x03DA, size 1, value 0x01
IN  port 0x03DA, size 1, value 0x01
IN  port 0x03DA, size 1, value 0x01
IN  port 0x03DA, size 1, value 0x01
IN  port 0x03DA, size 1, value 0x01
IN  port 0x03DA, size 1, value 0x01
IN  port 0x03DA, size 1, value 0x01
IN  port 0x03DA, size 1, value 0x01
IN  port 0x03DA, size 1, value 0x01
IN  port 0x03DA, size 1, value 0x01
IN  port 0x03DA, size 1, value 0x01
IN  port 0x03DA, size 1, value 0x01
IN  port 0x03DA, size 1, value 0x01
IN  port 0x03DA, size 1, value 0x01
IN  port 0x03DA, size 1, value 0x01
IN  port 0x03DA, size 1, value 0x01
IN  port 0x03DA, size 1, value 0x01
IN  port 0x03DA, size 1, value 0x01
IN  port 0x03DA, size 1, value 0x01
IN  port 0x03DA, size 1, value 0x01
IN  port 0x03DA, size 1, value 0x01
IN  port 0x03DA, size 1, value 0x01
IN  port 0x03DA, size 1, value 0x01
IN  port 0x03DA, size 1, value 0x01
IN  port 0x03DA, size 1, value 0x01
IN  port 0x03DA, size 1, value 0x01
IN  port 0x03DA, size 1, value 0x01
IN  port 0x03DA, size 1, value 0x01
IN  port 0x03DA, size 1, value 0x01
IN  port 0x03DA, size 1, value 0x01
IN  port 0x03DA, size 1, value 0x01
IN  port 0x03DA, size 1, value 0x01
IN  port 0x03DA, size 1, value 0x01
IN  port 0x03DA, size 1, value 0x01
IN  port 0x03DA, size 1, value 0x01
IN  port 0x03DA, size 1, value 0x01
IN  port 0x03DA, size 1, value 0x01
IN  port 0x03DA, size 1, value 0x01
IN  port 0x03DA, size 1, value 0x01
IN  port 0x03DA, size 1, value 0x01
IN  port 0x03DA, size 1, value 0x01
IN  port 0x03DA, size 1, value 0x01
IN  port 0x03DA, size 1, value 0x01
IN  port 0x03DA, size 1, value 0x01
IN  port 0x03DA, size 1, value 0x01
IN  port 0x03DA, size 1, value 0x01
IN  port 0x03DA, size 1, value 0x01
IN  port 0x03DA, size 1, value 0x01
IN  port 0x03DA, size 1, value 0x01
IN  port 0x03DA, size 1, value 0x01
IN  port 0x03DA, size 1, value 0x01
IN  port 0x03DA, size 1, value 0x01
IN  port 0x03DA, size 1, value 0x01
IN  port 0x03DA, size 1, value 0x01
IN  port 0x03DA, size 1, value 0x01
IN  port 0x03DA, size 1, value 0x01
IN  port 0x03DA, size 1, value 0x01
IN  port 0x03DA, size 1, value 0x01
IN  port 0x03DA, size 1, value 0x01
IN  port 0x03DA, size 1, value 0x01
IN  port 0x03DA, size 1, value 0x01
IN  port 0x03DA, size 1, value 0x01
IN  port 0x03DA, size 1, value 0x01
IN  port 0x03DA, size 1, value 0x01
IN  port 0x03DA, size 1, value 0x01
IN  port 0x03DA, size 1, value 0x01
IN  port 0x03DA, size 1, value 0x01
IN  port 0x03DA, size 1, value 0x01
IN  port 0x03DA, size 1, value 0x01
IN  port 0x03DA, size 1, value 0x01
IN  port 0x03DA, size 1, value 0x01
IN  port 0x03DA, size 1, value 0x01
IN  port 0x03DA, size 1, value 0x01
IN  port 0x03DA, size 1, value 0x01
IN  port 0x03DA, size 1, value 0x01
IN  port 0x03DA, size 1, value 0x01
IN  port 0x03DA, size 1, value 0x01
IN  port 0x03DA, size 1, value 0x01
IN  port 0x03DA, size 1, value 0x01
IN  port 0x03DA, size 1, value 0x01
IN  port 0x03DA, size 1, value 0x01
IN  port 0x03DA, size 1, value 0x01
IN  port 0x03DA, size 1, value 0x01
IN  port 0x03DA, size 1, value 0x01
IN  port 0x03DA, size 1, value 0x01
IN  port 0x03DA, size 1, value 0x01
IN  port 0x03DA, size 1, value 0x01
IN  port 0x03DA, size 1, value 0x01
IN  port 0x03DA, size 1, value 0x01
IN  port 0x03DA, size 1, value 0x01
IN  port 0x03DA, size 1, value 0x01
IN  port 0x03DA, size 1, value 0x01
IN  port 0x03DA, size 1, value 0x01
IN  port 0x03DA, size 1, value 0x01
IN  port 0x03DA, size 1, value 0x01
IN  port 0x03DA, size 1, value 0x01
IN  port 0x03DA, size 1, value 0x01
IN  port 0x03DA, size 1, value 0x01
IN  port 0x03DA, size 1, value 0x01
IN  port 0x03DA, size 1, value 0x01
IN  port 0x03DA, size 1, value 0x01
IN  port 0x03DA, size 1, value 0x01
IN  port 0x03DA, size 1, value 0x01
IN  port 0x03DA, size 1, value 0x01
IN  port 0x03DA, size 1, value 0x01
IN  port 0x03DA, size 1, value 0x01
IN  port 0x03DA, size 1, value 0x01
IN  port 0x03DA, size 1, value 0x01
IN  port 0x03DA, size 1, value 0x01
IN  port 0x03DA, size 1, value 0x01
IN  port 0x03DA, size 1, value 0x01
IN  port 0x03DA, size 1, value 0x01
IN  port 0x03DA, size 1, value 0x01
IN  port 0x03DA, size 1, value 0x01
IN  port 0x03DA, size 1, value 0x01
IN  port 0x03DA, size 1, value 0x01
IN  port 0x03DA, size 1, value 0x01
IN  port 0x03DA, size 1, value 0x01
IN  port 0x03DA, size 1, value 0x01
IN  port 0x03DA, size 1, value 0x01
IN  port 0x03DA, size 1, value 0x01
IN  port 0x03DA, size 1, value 0x01
IN  port 0x03DA, size 1, value 0x01
IN  port 0x03DA, size 1, value 0x01
IN  port 0x03DA, size 1, value 0x01
IN  port 0x03DA, size 1, value 0x01
IN  port 0x03DA, size 1, value 0x01
IN  port 0x03DA, size 1, value 0x01
IN  port 0x03DA, size 1, value 0x01
IN  port 0x03DA, size 1, value 0x01
IN  port 0x03DA, size 1, value 0x01
IN  port 0x03DA, size 1, value 0x01
IN  port 0x03DA, size 1, value 0x01
IN  port 0x03DA, size 1, value 0x00
IN  port 0x03DA, size 1, value 0x00
IN  port 0x03DA, size 1, value 0x00
IN  port 0x03DA, size 1, value 0x00
IN  port 0x03DA, size 1, value 0x00
IN  port 0x03DA, size 1, value 0x00
IN  port 0x03DA, size 1, value 0x00
IN  port 0x03DA, size 1, value 0x00
IN  port 0x03DA, size 1, value 0x00
IN  port 0x03DA, size 1, value 0x00
IN  port 0x03DA, size 1, value 0x00
IN  port 0x03DA, size 1, value 0x01
OUT port 0x03D4, size 1, value 0x0E
OUT port 0x03D5, size 1, value 0x00
OUT port 0x03D4, size 1, value 0x0F
OUT port 0x03D5, size 1, value 0xA6
IN  port 0x03DA, size 1, value 0x00
IN  port 0x03DA, size 1, value 0x00
IN  port 0x03DA, size 1, value 0x00
IN  port 0x03DA, size 1, value 0x00
IN  port 0x03DA, size 1, value 0x01
OUT port 0x03D4, size 1, value 0x0E
OUT port 0x03D5, size 1, value 0x00
OUT port 0x03D4, size 1, value 0x0F
OUT port 0x03D5, size 1, value 0xA7
IN  port 0x03DA, size 1, value 0x00
IN  port 0x03DA, size 1, value 0x00
IN  port 0x03DA, size 1, value 0x00
IN  port 0x03DA, size 1, value 0x00
IN  port 0x03DA, size 1, value 0x01
OUT port 0x03D4, size 1, value 0x0E
OUT port 0x03D5, size 1, value 0x00
OUT port 0x03D4, size 1, value 0x0F
OUT port 0x03D5, size 1, value 0xA8
IN  port 0x0061, size 1, value 0x41
OUT port 0x0061, size 1, value 0x71
OUT port 0x0061, size 1, value 0x41
OUT port 0x0020, size 1, value 0x20
OUT port 0x0020, size 1, value 0x20
IN  port 0x0062, size 1, value 0x2D
OUT port 0x0020, size 1, value 0x20
IN  port 0x0062, size 1, value 0x0D
OUT port 0x0020, size 1, value 0x20
OUT port 0x0020, size 1, value 0x20
IN  port 0x0062, size 1, value 0x2D
OUT port 0x03D4, size 1, value 0x0E
OUT port 0x03D5, size 1, value 0x00
OUT port 0x03D4, size 1, value 0x0F
OUT port 0x03D5, size 1, value 0xA0
OUT port 0x0043, size 1, value 0xB6
OUT port 0x0042, size 1, value 0x08
OUT port 0x0042, size 1, value 0x08
IN  port 0x0061, size 1, value 0x41
OUT port 0x0061, size 1, value 0x43
OUT port 0x0061, size 1, value 0x41
IN  port 0x03DA, size 1, value 0x01
IN  port 0x03DA, size 1, value 0x01
IN  port 0x03DA, size 1, value 0x01
IN  port 0x03DA, size 1, value 0x01
IN  port 0x03DA, size 1, value 0x01
IN  port 0x03DA, size 1, value 0x01
IN  port 0x03DA, size 1, value 0x01
IN  port 0x03DA, size 1, value 0x01
IN  port 0x03DA, size 1, value 0x01
IN  port 0x03DA, size 1, value 0x01
IN  port 0x03DA, size 1, value 0x01
IN  port 0x03DA, size 1, value 0x01
IN  port 0x03DA, size 1, value 0x01
IN  port 0x03DA, size 1, value 0x01
IN  port 0x03DA, size 1, value 0x01
IN  port 0x03DA, size 1, value 0x01
IN  port 0x03DA, size 1, value 0x01
IN  port 0x03DA, size 1, value 0x01
IN  port 0x03DA, size 1, value 0x01
IN  port 0x03DA, size 1, value 0x01
IN  port 0x03DA, size 1, value 0x01
IN  port 0x03DA, size 1, value 0x01
IN  port 0x03DA, size 1, value 0x01
IN  port 0x03DA, size 1, value 0x01
IN  port 0x03DA, size 1, value 0x01
IN  port 0x03DA, size 1, value 0x01
IN  port 0x03DA, size 1, value 0x01
IN  port 0x03DA, size 1, value 0x01
IN  port 0x03DA, size 1, value 0x01
IN  port 0x03DA, size 1, value 0x01
IN  port 0x03DA, size 1, value 0x01
IN  port 0x03DA, size 1, value 0x01
IN  port 0x03DA, size 1, value 0x01
IN  port 0x03DA, size 1, value 0x01
IN  port 0x03DA, size 1, value 0x01
IN  port 0x03DA, size 1, value 0x01
IN  port 0x03DA, size 1, value 0x01
IN  port 0x03DA, size 1, value 0x01
IN  port 0x03DA, size 1, value 0x01
IN  port 0x03DA, size 1, value 0x01
IN  port 0x03DA, size 1, value 0x01
IN  port 0x03DA, size 1, value 0x01
IN  port 0x03DA, size 1, value 0x01
IN  port 0x03DA, size 1, value 0x01
IN  port 0x03DA, size 1, value 0x01
IN  port 0x03DA, size 1, value 0x01
IN  port 0x03DA, size 1, value 0x01
IN  port 0x03DA, size 1, value 0x01
IN  port 0x03DA, size 1, value 0x01
IN  port 0x03DA, size 1, value 0x01
IN  port 0x03DA, size 1, value 0x01
IN  port 0x03DA, size 1, value 0x01
IN  port 0x03DA, size 1, value 0x01
IN  port 0x03DA, size 1, value 0x01
IN  port 0x03DA, size 1, value 0x01
IN  port 0x03DA, size 1, value 0x01
IN  port 0x03DA, size 1, value 0x01
IN  port 0x03DA, size 1, value 0x01
IN  port 0x03DA, size 1, value 0x01
IN  port 0x03DA, size 1, value 0x01
IN  port 0x03DA, size 1, value 0x01
IN  port 0x03DA, size 1, value 0x01
IN  port 0x03DA, size 1, value 0x01
IN  port 0x03DA, size 1, value 0x01
IN  port 0x03DA, size 1, value 0x01
IN  port 0x03DA, size 1, value 0x01
IN  port 0x03DA, size 1, value 0x01
IN  port 0x03DA, size 1, value 0x01
IN  port 0x03DA, size 1, value 0x01
IN  port 0x03DA, size 1, value 0x01
IN  port 0x03DA, size 1, value 0x01
IN  port 0x03DA, size 1, value 0x01
IN  port 0x03DA, size 1, value 0x01
IN  port 0x03DA, size 1, value 0x01
IN  port 0x03DA, size 1, value 0x01
IN  port 0x03DA, size 1, value 0x01
IN  port 0x03DA, size 1, value 0x01
IN  port 0x03DA, size 1, value 0x01
IN  port 0x03DA, size 1, value 0x01
IN  port 0x03DA, size 1, value 0x01
IN  port 0x03DA, size 1, value 0x01
IN  port 0x03DA, size 1, value 0x01
IN  port 0x03DA, size 1, value 0x01
IN  port 0x03DA, size 1, value 0x01
IN  port 0x03DA, size 1, value 0x01
IN  port 0x03DA, size 1, value 0x01
IN  port 0x03DA, size 1, value 0x01
IN  port 0x03DA, size 1, value 0x01
IN  port 0x03DA, size 1, value 0x01
IN  port 0x03DA, size 1, value 0x01
IN  port 0x03DA, size 1, value 0x01
IN  port 0x03DA, size 1, value 0x01
IN  port 0x03DA, size 1, value 0x01
IN  port 0x03DA, size 1, value 0x01
IN  port 0x03DA, size 1, value 0x01
IN  port 0x03DA, size 1, value 0x01
IN  port 0x03DA, size 1, value 0x01
IN  port 0x03DA, size 1, value 0x01
IN  port 0x03DA, size 1, value 0x01
IN  port 0x03DA, size 1, value 0x01
IN  port 0x03DA, size 1, value 0x01
IN  port 0x03DA, size 1, value 0x01
IN  port 0x03DA, size 1, value 0x01
IN  port 0x03DA, size 1, value 0x01
IN  port 0x03DA, size 1, value 0x01
IN  port 0x03DA, size 1, value 0x01
IN  port 0x03DA, size 1, value 0x01
IN  port 0x03DA, size 1, value 0x01
IN  port 0x03DA, size 1, value 0x01
IN  port 0x03DA, size 1, value 0x01
IN  port 0x03DA, size 1, value 0x01
IN  port 0x03DA, size 1, value 0x01
IN  port 0x03DA, size 1, value 0x01
IN  port 0x03DA, size 1, value 0x01
IN  port 0x03DA, size 1, value 0x01
IN  port 0x03DA, size 1, value 0x01
IN  port 0x03DA, size 1, value 0x01
IN  port 0x03DA, size 1, value 0x01
IN  port 0x03DA, size 1, value 0x01
IN  port 0x03DA, size 1, value 0x01
IN  port 0x03DA, size 1, value 0x01
IN  port 0x03DA, size 1, value 0x01
IN  port 0x03DA, size 1, value 0x01
IN  port 0x03DA, size 1, value 0x01
IN  port 0x03DA, size 1, value 0x01
IN  port 0x03DA, size 1, value 0x01
IN  port 0x03DA, size 1, value 0x01
IN  port 0x03DA, size 1, value 0x01
IN  port 0x03DA, size 1, value 0x01
IN  port 0x03DA, size 1, value 0x01
IN  port 0x03DA, size 1, value 0x01
IN  port 0x03DA, size 1, value 0x01
IN  port 0x03DA, size 1, value 0x01
IN  port 0x03DA, size 1, value 0x01
IN  port 0x03DA, size 1, value 0x01
IN  port 0x03DA, size 1, value 0x01
IN  port 0x03DA, size 1, value 0x01
IN  port 0x03DA, size 1, value 0x01
IN  port 0x03DA, size 1, value 0x01
IN  port 0x03DA, size 1, value 0x01
IN  port 0x03DA, size 1, value 0x01
IN  port 0x03DA, size 1, value 0x01
IN  port 0x03DA, size 1, value 0x01
IN  port 0x03DA, size 1, value 0x01
IN  port 0x03DA, size 1, value 0x01
IN  port 0x03DA, size 1, value 0x01
IN  port 0x03DA, size 1, value 0x01
IN  port 0x03DA, size 1, value 0x01
IN  port 0x03DA, size 1, value 0x01
IN  port 0x03DA, size 1, value 0x01
IN  port 0x03DA, size 1, value 0x01
IN  port 0x03DA, size 1, value 0x01
IN  port 0x03DA, size 1, value 0x01
IN  port 0x03DA, size 1, value 0x01
IN  port 0x03DA, size 1, value 0x01
IN  port 0x03DA, size 1, value 0x01
IN  port 0x03DA, size 1, value 0x01
IN  port 0x03DA, size 1, value 0x01
IN  port 0x03DA, size 1, value 0x01
IN  port 0x03DA, size 1, value 0x01
IN  port 0x03DA, size 1, value 0x01
IN  port 0x03DA, size 1, value 0x01
IN  port 0x03DA, size 1, value 0x01
IN  port 0x03DA, size 1, value 0x01
IN  port 0x03DA, size 1, value 0x01
IN  port 0x03DA, size 1, value 0x01
IN  port 0x03DA, size 1, value 0x01
IN  port 0x03DA, size 1, value 0x01
IN  port 0x03DA, size 1, value 0x01
IN  port 0x03DA, size 1, value 0x01
IN  port 0x03DA, size 1, value 0x01
IN  port 0x03DA, size 1, value 0x01
IN  port 0x03DA, size 1, value 0x01
IN  port 0x03DA, size 1, value 0x01
IN  port 0x03DA, size 1, value 0x01
IN  port 0x03DA, size 1, value 0x01
IN  port 0x03DA, size 1, value 0x01
IN  port 0x03DA, size 1, value 0x01
IN  port 0x03DA, size 1, value 0x01
IN  port 0x03DA, size 1, value 0x01
IN  port 0x03DA, size 1, value 0x01
IN  port 0x03DA, size 1, value 0x01
IN  port 0x03DA, size 1, value 0x01
IN  port 0x03DA, size 1, value 0x01
IN  port 0x03DA, size 1, value 0x01
IN  port 0x03DA, size 1, value 0x01
IN  port 0x03DA, size 1, value 0x01
IN  port 0x03DA, size 1, value 0x01
IN  port 0x03DA, size 1, value 0x01
IN  port 0x03DA, size 1, value 0x01
IN  port 0x03DA, size 1, value 0x01
IN  port 0x03DA, size 1, value 0x01
IN  port 0x03DA, size 1, value 0x01
IN  port 0x03DA, size 1, value 0x01
IN  port 0x03DA, size 1, value 0x01
IN  port 0x03DA, size 1, value 0x01
IN  port 0x03DA, size 1, value 0x01
IN  port 0x03DA, size 1, value 0x01
IN  port 0x03DA, size 1, value 0x01
IN  port 0x03DA, size 1, value 0x01
IN  port 0x03DA, size 1, value 0x01
IN  port 0x03DA, size 1, value 0x01
IN  port 0x03DA, size 1, value 0x01
IN  port 0x03DA, size 1, value 0x01
IN  port 0x03DA, size 1, value 0x01
IN  port 0x03DA, size 1, value 0x01
IN  port 0x03DA, size 1, value 0x01
IN  port 0x03DA, size 1, value 0x01
IN  port 0x03DA, size 1, value 0x01
IN  port 0x03DA, size 1, value 0x01
IN  port 0x03DA, size 1, value 0x01
IN  port 0x03DA, size 1, value 0x01
IN  port 0x03DA, size 1, value 0x01
IN  port 0x03DA, size 1, value 0x01
IN  port 0x03DA, size 1, value 0x01
IN  port 0x03DA, size 1, value 0x01
IN  port 0x03DA, size 1, value 0x01
IN  port 0x03DA, size 1, value 0x01
IN  port 0x03DA, size 1, value 0x01
IN  port 0x03DA, size 1, value 0x01
IN  port 0x03DA, size 1, value 0x01
IN  port 0x03DA, size 1, value 0x01
IN  port 0x03DA, size 1, value 0x01
IN  port 0x03DA, size 1, value 0x01
IN  port 0x03DA, size 1, value 0x01
IN  port 0x03DA, size 1, value 0x01
IN  port 0x03DA, size 1, value 0x01
IN  port 0x03DA, size 1, value 0x01
IN  port 0x03DA, size 1, value 0x01
IN  port 0x03DA, size 1, value 0x01
IN  port 0x03DA, size 1, value 0x01
IN  port 0x03DA, size 1, value 0x01
IN  port 0x03DA, size 1, value 0x01
IN  port 0x03DA, size 1, value 0x01
IN  port 0x03DA, size 1, value 0x01
IN  port 0x03DA, size 1, value 0x01
IN  port 0x03DA, size 1, value 0x01
IN  port 0x03DA, size 1, value 0x01
IN  port 0x03DA, size 1, value 0x01
IN  port 0x03DA, size 1, value 0x01
IN  port 0x03DA, size 1, value 0x01
IN  port 0x03DA, size 1, value 0x01
IN  port 0x03DA, size 1, value 0x01
IN  port 0x03DA, size 1, value 0x01
IN  port 0x03DA, size 1, value 0x01
IN  port 0x03DA, size 1, value 0x01
IN  port 0x03DA, size 1, value 0x01
IN  port 0x03DA, size 1, value 0x01
IN  port 0x03DA, size 1, value 0x01
IN  port 0x03DA, size 1, value 0x01
IN  port 0x03DA, size 1, value 0x01
IN  port 0x03DA, size 1, value 0x01
IN  port 0x03DA, size 1, value 0x01
IN  port 0x03DA, size 1, value 0x01
IN  port 0x03DA, size 1, value 0x01
IN  port 0x03DA, size 1, value 0x01
IN  port 0x03DA, size 1, value 0x01
IN  port 0x03DA, size 1, value 0x01
IN  port 0x03DA, size 1, value 0x01
IN  port 0x03DA, size 1, value 0x01
IN  port 0x03DA, size 1, value 0x01
IN  port 0x03DA, size 1, value 0x01
IN  port 0x03DA, size 1, value 0x01
IN  port 0x03DA, size 1, value 0x01
IN  port 0x03DA, size 1, value 0x01
IN  port 0x03DA, size 1, value 0x01
IN  port 0x03DA, size 1, value 0x01
IN  port 0x03DA, size 1, value 0x01
IN  port 0x03DA, size 1, value 0x01
IN  port 0x03DA, size 1, value 0x01
IN  port 0x03DA, size 1, value 0x01
IN  port 0x03DA, size 1, value 0x01
IN  port 0x03DA, size 1, value 0x01
IN  port 0x03DA, size 1, value 0x01
IN  port 0x03DA, size 1, value 0x01
IN  port 0x03DA, size 1, value 0x01
IN  port 0x03DA, size 1, value 0x01
IN  port 0x03DA, size 1, value 0x01
IN  port 0x03DA, size 1, value 0x01
IN  port 0x03DA, size 1, value 0x01
IN  port 0x03DA, size 1, value 0x01
IN  port 0x03DA, size 1, value 0x01
IN  port 0x03DA, size 1, value 0x01
IN  port 0x03DA, size 1, value 0x01
IN  port 0x03DA, size 1, value 0x01
IN  port 0x03DA, size 1, value 0x01
IN  port 0x03DA, size 1, value 0x01
IN  port 0x03DA, size 1, value 0x01
IN  port 0x03DA, size 1, value 0x01
IN  port 0x03DA, size 1, value 0x01
IN  port 0x03DA, size 1, value 0x01
IN  port 0x03DA, size 1, value 0x01
IN  port 0x03DA, size 1, value 0x01
IN  port 0x03DA, size 1, value 0x01
IN  port 0x03DA, size 1, value 0x01
IN  port 0x03DA, size 1, value 0x01
IN  port 0x03DA, size 1, value 0x01
IN  port 0x03DA, size 1, value 0x01
IN  port 0x03DA, size 1, value 0x01
IN  port 0x03DA, size 1, value 0x01
IN  port 0x03DA, size 1, value 0x01
IN  port 0x03DA, size 1, value 0x01
IN  port 0x03DA, size 1, value 0x01
IN  port 0x03DA, size 1, value 0x01
IN  port 0x03DA, size 1, value 0x01
IN  port 0x03DA, size 1, value 0x01
IN  port 0x03DA, size 1, value 0x01
IN  port 0x03DA, size 1, value 0x01
IN  port 0x03DA, size 1, value 0x01
IN  port 0x03DA, size 1, value 0x01
IN  port 0x03DA, size 1, value 0x01
IN  port 0x03DA, size 1, value 0x01
IN  port 0x03DA, size 1, value 0x01
IN  port 0x03DA, size 1, value 0x01
IN  port 0x03DA, size 1, value 0x01
IN  port 0x03DA, size 1, value 0x01
IN  port 0x03DA, size 1, value 0x01
IN  port 0x03DA, size 1, value 0x01
IN  port 0x03DA, size 1, value 0x01
IN  port 0x03DA, size 1, value 0x01
IN  port 0x03DA, size 1, value 0x01
IN  port 0x03DA, size 1, value 0x01
IN  port 0x03DA, size 1, value 0x01
IN  port 0x03DA, size 1, value 0x01
IN  port 0x03DA, size 1, value 0x01
IN  port 0x03DA, size 1, value 0x01
IN  port 0x03DA, size 1, value 0x01
IN  port 0x03DA, size 1, value 0x01
IN  port 0x03DA, size 1, value 0x01
IN  port 0x03DA, size 1, value 0x01
IN  port 0x03DA, size 1, value 0x01
IN  port 0x03DA, size 1, value 0x01
IN  port 0x03DA, size 1, value 0x01
IN  port 0x03DA, size 1, value 0x01
IN  port 0x03DA, size 1, value 0x01
IN  port 0x03DA, size 1, value 0x01
IN  port 0x03DA, size 1, value 0x01
IN  port 0x03DA, size 1, value 0x01
IN  port 0x03DA, size 1, value 0x01
IN  port 0x03DA, size 1, value 0x01
IN  port 0x03DA, size 1, value 0x01
IN  port 0x03DA, size 1, value 0x01
IN  port 0x03DA, size 1, value 0x01
IN  port 0x03DA, size 1, value 0x01
IN  port 0x03DA, size 1, value 0x01
IN  port 0x03DA, size 1, value 0x01
IN  port 0x03DA, size 1, value 0x01
IN  port 0x03DA, size 1, value 0x01
IN  port 0x03DA, size 1, value 0x01
IN  port 0x03DA, size 1, value 0x01
IN  port 0x03DA, size 1, value 0x01
IN  port 0x03DA, size 1, value 0x01
IN  port 0x03DA, size 1, value 0x01
IN  port 0x03DA, size 1, value 0x01
IN  port 0x03DA, size 1, value 0x01
IN  port 0x03DA, size 1, value 0x01
IN  port 0x03DA, size 1, value 0x01
IN  port 0x03DA, size 1, value 0x01
IN  port 0x03DA, size 1, value 0x01
IN  port 0x03DA, size 1, value 0x01
IN  port 0x03DA, size 1, value 0x01
IN  port 0x03DA, size 1, value 0x01
IN  port 0x03DA, size 1, value 0x01
IN  port 0x03DA, size 1, value 0x01
IN  port 0x03DA, size 1, value 0x01
IN  port 0x03DA, size 1, value 0x01
IN  port 0x03DA, size 1, value 0x01
IN  port 0x03DA, size 1, value 0x00
IN  port 0x03DA, size 1, value 0x00
IN  port 0x03DA, size 1, value 0x00
IN  port 0x03DA, size 1, value 0x00
IN  port 0x03DA, size 1, value 0x00
IN  port 0x03DA, size 1, value 0x00
IN  port 0x03DA, size 1, value 0x00
IN  port 0x03DA, size 1, value 0x00
IN  port 0x03DA, size 1, value 0x00
IN  port 0x03DA, size 1, value 0x00
IN  port 0x03DA, size 1, value 0x00
IN  port 0x03DA, size 1, value 0x00
IN  port 0x03DA, size 1, value 0x01
OUT port 0x03D4, size 1, value 0x0E
OUT port 0x03D5, size 1, value 0x00
OUT port 0x03D4, size 1, value 0x0F
OUT port 0x03D5, size 1, value 0xA1
IN  port 0x03DA, size 1, value 0x00
IN  port 0x03DA, size 1, value 0x00
IN  port 0x03DA, size 1, value 0x00
IN  port 0x03DA, size 1, value 0x00
IN  port 0x03DA, size 1, value 0x00
IN  port 0x03DA, size 1, value 0x00
IN  port 0x03DA, size 1, value 0x01
OUT port 0x03D4, size 1, value 0x0E
OUT port 0x03D5, size 1, value 0x00
OUT port 0x03D4, size 1, value 0x0F
OUT port 0x03D5, size 1, value 0xA2
IN  port 0x03DA, size 1, value 0x00
IN  port 0x03DA, size 1, value 0x00
IN  port 0x03DA, size 1, value 0x00
IN  port 0x03DA, size 1, value 0x01
OUT port 0x03D4, size 1, value 0x0E
OUT port 0x03D5, size 1, value 0x00
OUT port 0x03D4, size 1, value 0x0F
OUT port 0x03D5, size 1, value 0xA3
IN  port 0x03DA, size 1, value 0x00
IN  port 0x03DA, size 1, value 0x00
IN  port 0x03DA, size 1, value 0x00
IN  port 0x03DA, size 1, value 0x00
IN  port 0x03DA, size 1, value 0x01
OUT port 0x03D4, size 1, value 0x0E
OUT port 0x03D5, size 1, value 0x00
OUT port 0x03D4, size 1, value 0x0F
OUT port 0x03D5, size 1, value 0xA4
IN  port 0x03DA, size 1, value 0x00
IN  port 0x03DA, size 1, value 0x00
IN  port 0x03DA, size 1, value 0x00
IN  port 0x03DA, size 1, value 0x01
OUT port 0x03D4, size 1, value 0x0E
OUT port 0x03D5, size 1, value 0x00
OUT port 0x03D4, size 1, value 0x0F
OUT port 0x03D5, size 1, value 0xA5
IN  port 0x03DA, size 1, value 0x00
IN  port 0x03DA, size 1, value 0x00
IN  port 0x03DA, size 1, value 0x00
IN  port 0x03DA, size 1, value 0x00
IN  port 0x03DA, size 1, value 0x01
OUT port 0x03D4, size 1, value 0x0E
OUT port 0x03D5, size 1, value 0x00
OUT port 0x03D4, size 1, value 0x0F
OUT port 0x03D5, size 1, value 0xA6
IN  port 0x03DA, size 1, value 0x00
IN  port 0x03DA, size 1, value 0x00
IN  port 0x03DA, size 1, value 0x00
IN  port 0x03DA, size 1, value 0x01
OUT port 0x03D4, size 1, value 0x0E
OUT port 0x03D5, size 1, value 0x00
OUT port 0x03D4, size 1, value 0x0F
OUT port 0x03D5, size 1, value 0xA7
IN  port 0x03DA, size 1, value 0x00
IN  port 0x03DA, size 1, value 0x00
IN  port 0x03DA, size 1, value 0x00
IN  port 0x03DA, size 1, value 0x00
IN  port 0x03DA, size 1, value 0x01
OUT port 0x03D4, size 1, value 0x0E
OUT port 0x03D5, size 1, value 0x00
OUT port 0x03D4, size 1, value 0x0F
OUT port 0x03D5, size 1, value 0xA8
IN  port 0x0061, size 1, value 0x41
OUT port 0x0061, size 1, value 0x71
OUT port 0x0061, size 1, value 0x41
OUT port 0x0020, size 1, value 0x20
OUT port 0x0020, size 1, value 0x20
IN  port 0x0062, size 1, value 0x0D
OUT port 0x0020, size 1, value 0x20
IN  port 0x0062, size 1, value 0x0D
OUT port 0x0020, size 1, value 0x20
OUT port 0x0020, size 1, value 0x20
IN  port 0x0062, size 1, value 0x0D
OUT port 0x03D4, size 1, value 0x0E
OUT port 0x03D5, size 1, value 0x00
OUT port 0x03D4, size 1, value 0x0F
OUT port 0x03D5, size 1, value 0xA0
OUT port 0x0043, size 1, value 0xB6
OUT port 0x0042, size 1, value 0x08
OUT port 0x0042, size 1, value 0x08
IN  port 0x0061, size 1, value 0x41
OUT port 0x0061, size 1, value 0x43
OUT port 0x0061, size 1, value 0x41
IN  port 0x03DA, size 1, value 0x00
IN  port 0x03DA, size 1, value 0x00
IN  port 0x03DA, size 1, value 0x00
IN  port 0x03DA, size 1, value 0x00
IN  port 0x03DA, size 1, value 0x00
IN  port 0x03DA, size 1, value 0x00
IN  port 0x03DA, size 1, value 0x00
IN  port 0x03DA, size 1, value 0x00
IN  port 0x03DA, size 1, value 0x00
IN  port 0x03DA, size 1, value 0x00
IN  port 0x03DA, size 1, value 0x00
IN  port 0x03DA, size 1, value 0x00
IN  port 0x03DA, size 1, value 0x01
OUT port 0x03D4, size 1, value 0x0E
OUT port 0x03D5, size 1, value 0x00
OUT port 0x03D4, size 1, value 0x0F
OUT port 0x03D5, size 1, value 0xA1
IN  port 0x03DA, size 1, value 0x00
IN  port 0x03DA, size 1, value 0x00
IN  port 0x03DA, size 1, value 0x00
IN  port 0x03DA, size 1, value 0x00
IN  port 0x03DA, size 1, value 0x00
IN  port 0x03DA, size 1, value 0x01
OUT port 0x03D4, size 1, value 0x0E
OUT port 0x03D5, size 1, value 0x00
OUT port 0x03D4, size 1, value 0x0F
OUT port 0x03D5, size 1, value 0xA2
IN  port 0x03DA, size 1, value 0x00
IN  port 0x03DA, size 1, value 0x00
IN  port 0x03DA, size 1, value 0x00
IN  port 0x03DA, size 1, value 0x00
IN  port 0x03DA, size 1, value 0x01
OUT port 0x03D4, size 1, value 0x0E
OUT port 0x03D5, size 1, value 0x00
OUT port 0x03D4, size 1, value 0x0F
OUT port 0x03D5, size 1, value 0xA3
IN  port 0x03DA, size 1, value 0x00
IN  port 0x03DA, size 1, value 0x00
IN  port 0x03DA, size 1, value 0x00
IN  port 0x03DA, size 1, value 0x01
OUT port 0x03D4, size 1, value 0x0E
OUT port 0x03D5, size 1, value 0x00
OUT port 0x03D4, size 1, value 0x0F
OUT port 0x03D5, size 1, value 0xA4
IN  port 0x03DA, size 1, value 0x00
IN  port 0x03DA, size 1, value 0x00
IN  port 0x03DA, size 1, value 0x00
IN  port 0x03DA, size 1, value 0x00
IN  port 0x03DA, size 1, value 0x01
OUT port 0x03D4, size 1, value 0x0E
OUT port 0x03D5, size 1, value 0x00
OUT port 0x03D4, size 1, value 0x0F
OUT port 0x03D5, size 1, value 0xA5
IN  port 0x03DA, size 1, value 0x00
IN  port 0x03DA, size 1, value 0x00
IN  port 0x03DA, size 1, value 0x00
IN  port 0x03DA, size 1, value 0x01
OUT port 0x03D4, size 1, value 0x0E
OUT port 0x03D5, size 1, value 0x00
OUT port 0x03D4, size 1, value 0x0F
OUT port 0x03D5, size 1, value 0xA6
IN  port 0x03DA, size 1, value 0x00
IN  port 0x03DA, size 1, value 0x00
IN  port 0x03DA, size 1, value 0x00
IN  port 0x03DA, size 1, value 0x00
IN  port 0x03DA, size 1, value 0x01
OUT port 0x03D4, size 1, value 0x0E
OUT port 0x03D5, size 1, value 0x00
OUT port 0x03D4, size 1, value 0x0F
OUT port 0x03D5, size 1, value 0xA7
IN  port 0x03DA, size 1, value 0x00
IN  port 0x03DA, size 1, value 0x00
IN  port 0x03DA, size 1, value 0x00
IN  port 0x03DA, size 1, value 0x01
OUT port 0x03D4, size 1, value 0x0E
OUT port 0x03D5, size 1, value 0x00
OUT port 0x03D4, size 1, value 0x0F
OUT port 0x03D5, size 1, value 0xA8
IN  port 0x0061, size 1, value 0x41
OUT port 0x0061, size 1, value 0x71
OUT port 0x0061, size 1, value 0x41
OUT port 0x0020, size 1, value 0x20
OUT port 0x0020, size 1, value 0x20
IN  port 0x0062, size 1, value 0x2D
OUT port 0x0020, size 1, value 0x20
IN  port 0x0062, size 1, value 0x2D
OUT port 0x0020, size 1, value 0x20
OUT port 0x0020, size 1, value 0x20
IN  port 0x0062, size 1, value 0x2D
OUT port 0x03D4, size 1, value 0x0E
OUT port 0x03D5, size 1, value 0x00
OUT port 0x03D4, size 1, value 0x0F
OUT port 0x03D5, size 1, value 0xA0
OUT port 0x0043, size 1, value 0xB6
OUT port 0x0042, size 1, value 0x08
OUT port 0x0042, size 1, value 0x08
IN  port 0x0061, size 1, value 0x41
OUT port 0x0061, size 1, value 0x43
OUT port 0x0061, size 1, value 0x41
IN  port 0x03DA, size 1, value 0x01
IN  port 0x03DA, size 1, value 0x01
IN  port 0x03DA, size 1, value 0x01
IN  port 0x03DA, size 1, value 0x01
IN  port 0x03DA, size 1, value 0x00
IN  port 0x03DA, size 1, value 0x00
IN  port 0x03DA, size 1, value 0x00
IN  port 0x03DA, size 1, value 0x00
IN  port 0x03DA, size 1, value 0x00
IN  port 0x03DA, size 1, value 0x00
IN  port 0x03DA, size 1, value 0x00
IN  port 0x03DA, size 1, value 0x00
IN  port 0x03DA, size 1, value 0x00
IN  port 0x03DA, size 1, value 0x00
IN  port 0x03DA, size 1, value 0x00
IN  port 0x03DA, size 1, value 0x00
IN  port 0x03DA, size 1, value 0x01
OUT port 0x03D4, size 1, value 0x0E
OUT port 0x03D5, size 1, value 0x00
OUT port 0x03D4, size 1, value 0x0F
OUT port 0x03D5, size 1, value 0xA1
IN  port 0x03DA, size 1, value 0x00
IN  port 0x03DA, size 1, value 0x00
IN  port 0x03DA, size 1, value 0x00
IN  port 0x03DA, size 1, value 0x00
IN  port 0x03DA, size 1, value 0x00
IN  port 0x03DA, size 1, value 0x00
IN  port 0x03DA, size 1, value 0x01
OUT port 0x03D4, size 1, value 0x0E
OUT port 0x03D5, size 1, value 0x00
OUT port 0x03D4, size 1, value 0x0F
OUT port 0x03D5, size 1, value 0xA2
IN  port 0x03DA, size 1, value 0x01
IN  port 0x03DA, size 1, value 0x01
IN  port 0x03DA, size 1, value 0x01
IN  port 0x03DA, size 1, value 0x01
IN  port 0x03DA, size 1, value 0x01
IN  port 0x03DA, size 1, value 0x01
IN  port 0x03DA, size 1, value 0x01
IN  port 0x03DA, size 1, value 0x01
IN  port 0x03DA, size 1, value 0x01
IN  port 0x03DA, size 1, value 0x01
IN  port 0x03DA, size 1, value 0x01
IN  port 0x03DA, size 1, value 0x01
IN  port 0x03DA, size 1, value 0x01
IN  port 0x03DA, size 1, value 0x01
IN  port 0x03DA, size 1, value 0x01
IN  port 0x03DA, size 1, value 0x01
IN  port 0x03DA, size 1, value 0x01
IN  port 0x03DA, size 1, value 0x01
IN  port 0x03DA, size 1, value 0x01
IN  port 0x03DA, size 1, value 0x01
IN  port 0x03DA, size 1, value 0x01
IN  port 0x03DA, size 1, value 0x01
IN  port 0x03DA, size 1, value 0x01
IN  port 0x03DA, size 1, value 0x01
IN  port 0x03DA, size 1, value 0x01
IN  port 0x03DA, size 1, value 0x01
IN  port 0x03DA, size 1, value 0x01
IN  port 0x03DA, size 1, value 0x01
IN  port 0x03DA, size 1, value 0x01
IN  port 0x03DA, size 1, value 0x01
IN  port 0x03DA, size 1, value 0x01
IN  port 0x03DA, size 1, value 0x01
IN  port 0x03DA, size 1, value 0x01
IN  port 0x03DA, size 1, value 0x01
IN  port 0x03DA, size 1, value 0x01
IN  port 0x03DA, size 1, value 0x01
IN  port 0x03DA, size 1, value 0x01
IN  port 0x03DA, size 1, value 0x01
IN  port 0x03DA, size 1, value 0x01
IN  port 0x03DA, size 1, value 0x01
IN  port 0x03DA, size 1, value 0x01
IN  port 0x03DA, size 1, value 0x01
IN  port 0x03DA, size 1, value 0x01
IN  port 0x03DA, size 1, value 0x01
IN  port 0x03DA, size 1, value 0x01
IN  port 0x03DA, size 1, value 0x01
IN  port 0x03DA, size 1, value 0x01
IN  port 0x03DA, size 1, value 0x01
IN  port 0x03DA, size 1, value 0x01
IN  port 0x03DA, size 1, value 0x01
IN  port 0x03DA, size 1, value 0x01
IN  port 0x03DA, size 1, value 0x01
IN  port 0x03DA, size 1, value 0x01
IN  port 0x03DA, size 1, value 0x01
IN  port 0x03DA, size 1, value 0x01
IN  port 0x03DA, size 1, value 0x01
IN  port 0x03DA, size 1, value 0x01
IN  port 0x03DA, size 1, value 0x01
IN  port 0x03DA, size 1, value 0x01
IN  port 0x03DA, size 1, value 0x01
IN  port 0x03DA, size 1, value 0x01
IN  port 0x03DA, size 1, value 0x01
IN  port 0x03DA, size 1, value 0x01
IN  port 0x03DA, size 1, value 0x01
IN  port 0x03DA, size 1, value 0x01
IN  port 0x03DA, size 1, value 0x01
IN  port 0x03DA, size 1, value 0x01
IN  port 0x03DA, size 1, value 0x01
IN  port 0x03DA, size 1, value 0x01
IN  port 0x03DA, size 1, value 0x01
IN  port 0x03DA, size 1, value 0x01
IN  port 0x03DA, size 1, value 0x01
IN  port 0x03DA, size 1, value 0x01
IN  port 0x03DA, size 1, value 0x01
IN  port 0x03DA, size 1, value 0x01
IN  port 0x03DA, size 1, value 0x01
IN  port 0x03DA, size 1, value 0x01
IN  port 0x03DA, size 1, value 0x01
IN  port 0x03DA, size 1, value 0x01
IN  port 0x03DA, size 1, value 0x01
IN  port 0x03DA, size 1, value 0x01
IN  port 0x03DA, size 1, value 0x01
IN  port 0x03DA, size 1, value 0x01
IN  port 0x03DA, size 1, value 0x01
IN  port 0x03DA, size 1, value 0x01
IN  port 0x03DA, size 1, value 0x01
IN  port 0x03DA, size 1, value 0x01
IN  port 0x03DA, size 1, value 0x01
IN  port 0x03DA, size 1, value 0x01
IN  port 0x03DA, size 1, value 0x01
IN  port 0x03DA, size 1, value 0x01
IN  port 0x03DA, size 1, value 0x01
IN  port 0x03DA, size 1, value 0x01
IN  port 0x03DA, size 1, value 0x01
IN  port 0x03DA, size 1, value 0x01
IN  port 0x03DA, size 1, value 0x01
IN  port 0x03DA, size 1, value 0x01
IN  port 0x03DA, size 1, value 0x01
IN  port 0x03DA, size 1, value 0x01
IN  port 0x03DA, size 1, value 0x01
IN  port 0x03DA, size 1, value 0x01
IN  port 0x03DA, size 1, value 0x01
IN  port 0x03DA, size 1, value 0x01
IN  port 0x03DA, size 1, value 0x01
IN  port 0x03DA, size 1, value 0x01
IN  port 0x03DA, size 1, value 0x01
IN  port 0x03DA, size 1, value 0x01
IN  port 0x03DA, size 1, value 0x01
IN  port 0x03DA, size 1, value 0x01
IN  port 0x03DA, size 1, value 0x01
IN  port 0x03DA, size 1, value 0x01
IN  port 0x03DA, size 1, value 0x01
IN  port 0x03DA, size 1, value 0x01
IN  port 0x03DA, size 1, value 0x01
IN  port 0x03DA, size 1, value 0x01
IN  port 0x03DA, size 1, value 0x01
IN  port 0x03DA, size 1, value 0x01
IN  port 0x03DA, size 1, value 0x01
IN  port 0x03DA, size 1, value 0x01
IN  port 0x03DA, size 1, value 0x01
IN  port 0x03DA, size 1, value 0x01
IN  port 0x03DA, size 1, value 0x01
IN  port 0x03DA, size 1, value 0x01
IN  port 0x03DA, size 1, value 0x01
IN  port 0x03DA, size 1, value 0x01
IN  port 0x03DA, size 1, value 0x01
IN  port 0x03DA, size 1, value 0x01
IN  port 0x03DA, size 1, value 0x01
IN  port 0x03DA, size 1, value 0x01
IN  port 0x03DA, size 1, value 0x01
IN  port 0x03DA, size 1, value 0x01
IN  port 0x03DA, size 1, value 0x01
IN  port 0x03DA, size 1, value 0x01
IN  port 0x03DA, size 1, value 0x01
IN  port 0x03DA, size 1, value 0x01
IN  port 0x03DA, size 1, value 0x01
IN  port 0x03DA, size 1, value 0x01
IN  port 0x03DA, size 1, value 0x01
IN  port 0x03DA, size 1, value 0x01
IN  port 0x03DA, size 1, value 0x01
IN  port 0x03DA, size 1, value 0x01
IN  port 0x03DA, size 1, value 0x01
IN  port 0x03DA, size 1, value 0x01
IN  port 0x03DA, size 1, value 0x01
IN  port 0x03DA, size 1, value 0x01
IN  port 0x03DA, size 1, value 0x01
IN  port 0x03DA, size 1, value 0x01
IN  port 0x03DA, size 1, value 0x01
IN  port 0x03DA, size 1, value 0x01
IN  port 0x03DA, size 1, value 0x01
IN  port 0x03DA, size 1, value 0x01
IN  port 0x03DA, size 1, value 0x01
IN  port 0x03DA, size 1, value 0x01
IN  port 0x03DA, size 1, value 0x01
IN  port 0x03DA, size 1, value 0x01
IN  port 0x03DA, size 1, value 0x01
IN  port 0x03DA, size 1, value 0x01
IN  port 0x03DA, size 1, value 0x01
IN  port 0x03DA, size 1, value 0x01
IN  port 0x03DA, size 1, value 0x01
IN  port 0x03DA, size 1, value 0x01
IN  port 0x03DA, size 1, value 0x01
IN  port 0x03DA, size 1, value 0x01
IN  port 0x03DA, size 1, value 0x01
IN  port 0x03DA, size 1, value 0x01
IN  port 0x03DA, size 1, value 0x01
IN  port 0x03DA, size 1, value 0x01
IN  port 0x03DA, size 1, value 0x01
IN  port 0x03DA, size 1, value 0x01
IN  port 0x03DA, size 1, value 0x01
IN  port 0x03DA, size 1, value 0x01
IN  port 0x03DA, size 1, value 0x01
IN  port 0x03DA, size 1, value 0x01
IN  port 0x03DA, size 1, value 0x01
IN  port 0x03DA, size 1, value 0x01
IN  port 0x03DA, size 1, value 0x01
IN  port 0x03DA, size 1, value 0x01
IN  port 0x03DA, size 1, value 0x01
IN  port 0x03DA, size 1, value 0x01
IN  port 0x03DA, size 1, value 0x01
IN  port 0x03DA, size 1, value 0x01
IN  port 0x03DA, size 1, value 0x01
IN  port 0x03DA, size 1, value 0x01
IN  port 0x03DA, size 1, value 0x01
IN  port 0x03DA, size 1, value 0x01
IN  port 0x03DA, size 1, value 0x01
IN  port 0x03DA, size 1, value 0x01
IN  port 0x03DA, size 1, value 0x01
IN  port 0x03DA, size 1, value 0x01
IN  port 0x03DA, size 1, value 0x01
IN  port 0x03DA, size 1, value 0x01
IN  port 0x03DA, size 1, value 0x01
IN  port 0x03DA, size 1, value 0x01
IN  port 0x03DA, size 1, value 0x01
IN  port 0x03DA, size 1, value 0x01
IN  port 0x03DA, size 1, value 0x01
IN  port 0x03DA, size 1, value 0x01
IN  port 0x03DA, size 1, value 0x01
IN  port 0x03DA, size 1, value 0x01
IN  port 0x03DA, size 1, value 0x01
IN  port 0x03DA, size 1, value 0x01
IN  port 0x03DA, size 1, value 0x01
IN  port 0x03DA, size 1, value 0x01
IN  port 0x03DA, size 1, value 0x01
IN  port 0x03DA, size 1, value 0x01
IN  port 0x03DA, size 1, value 0x01
IN  port 0x03DA, size 1, value 0x01
IN  port 0x03DA, size 1, value 0x01
IN  port 0x03DA, size 1, value 0x01
IN  port 0x03DA, size 1, value 0x01
IN  port 0x03DA, size 1, value 0x01
IN  port 0x03DA, size 1, value 0x01
IN  port 0x03DA, size 1, value 0x01
IN  port 0x03DA, size 1, value 0x01
IN  port 0x03DA, size 1, value 0x01
IN  port 0x03DA, size 1, value 0x01
IN  port 0x03DA, size 1, value 0x01
IN  port 0x03DA, size 1, value 0x01
IN  port 0x03DA, size 1, value 0x01
IN  port 0x03DA, size 1, value 0x01
IN  port 0x03DA, size 1, value 0x01
IN  port 0x03DA, size 1, value 0x01
IN  port 0x03DA, size 1, value 0x01
IN  port 0x03DA, size 1, value 0x01
IN  port 0x03DA, size 1, value 0x01
IN  port 0x03DA, size 1, value 0x01
IN  port 0x03DA, size 1, value 0x01
IN  port 0x03DA, size 1, value 0x01
IN  port 0x03DA, size 1, value 0x01
IN  port 0x03DA, size 1, value 0x01
IN  port 0x03DA, size 1, value 0x01
IN  port 0x03DA, size 1, value 0x01
IN  port 0x03DA, size 1, value 0x01
IN  port 0x03DA, size 1, value 0x01
IN  port 0x03DA, size 1, value 0x01
IN  port 0x03DA, size 1, value 0x01
IN  port 0x03DA, size 1, value 0x01
IN  port 0x03DA, size 1, value 0x01
IN  port 0x03DA, size 1, value 0x01
IN  port 0x03DA, size 1, value 0x01
IN  port 0x03DA, size 1, value 0x01
IN  port 0x03DA, size 1, value 0x01
IN  port 0x03DA, size 1, value 0x01
IN  port 0x03DA, size 1, value 0x01
IN  port 0x03DA, size 1, value 0x01
IN  port 0x03DA, size 1, value 0x01
IN  port 0x03DA, size 1, value 0x01
IN  port 0x03DA, size 1, value 0x01
IN  port 0x03DA, size 1, value 0x01
IN  port 0x03DA, size 1, value 0x01
IN  port 0x03DA, size 1, value 0x01
IN  port 0x03DA, size 1, value 0x01
IN  port 0x03DA, size 1, value 0x01
IN  port 0x03DA, size 1, value 0x01
IN  port 0x03DA, size 1, value 0x01
IN  port 0x03DA, size 1, value 0x01
IN  port 0x03DA, size 1, value 0x01
IN  port 0x03DA, size 1, value 0x01
IN  port 0x03DA, size 1, value 0x01
IN  port 0x03DA, size 1, value 0x01
IN  port 0x03DA, size 1, value 0x01
IN  port 0x03DA, size 1, value 0x01
IN  port 0x03DA, size 1, value 0x01
IN  port 0x03DA, size 1, value 0x01
IN  port 0x03DA, size 1, value 0x01
IN  port 0x03DA, size 1, value 0x01
IN  port 0x03DA, size 1, value 0x01
IN  port 0x03DA, size 1, value 0x01
IN  port 0x03DA, size 1, value 0x01
IN  port 0x03DA, size 1, value 0x01
IN  port 0x03DA, size 1, value 0x01
IN  port 0x03DA, size 1, value 0x01
IN  port 0x03DA, size 1, value 0x01
IN  port 0x03DA, size 1, value 0x01
IN  port 0x03DA, size 1, value 0x01
IN  port 0x03DA, size 1, value 0x01
IN  port 0x03DA, size 1, value 0x01
IN  port 0x03DA, size 1, value 0x01
IN  port 0x03DA, size 1, value 0x01
IN  port 0x03DA, size 1, value 0x01
IN  port 0x03DA, size 1, value 0x01
IN  port 0x03DA, size 1, value 0x01
IN  port 0x03DA, size 1, value 0x01
IN  port 0x03DA, size 1, value 0x01
IN  port 0x03DA, size 1, value 0x01
IN  port 0x03DA, size 1, value 0x01
IN  port 0x03DA, size 1, value 0x01
IN  port 0x03DA, size 1, value 0x01
IN  port 0x03DA, size 1, value 0x01
IN  port 0x03DA, size 1, value 0x01
IN  port 0x03DA, size 1, value 0x01
IN  port 0x03DA, size 1, value 0x01
IN  port 0x03DA, size 1, value 0x01
IN  port 0x03DA, size 1, value 0x01
IN  port 0x03DA, size 1, value 0x01
IN  port 0x03DA, size 1, value 0x01
IN  port 0x03DA, size 1, value 0x01
IN  port 0x03DA, size 1, value 0x01
IN  port 0x03DA, size 1, value 0x01
IN  port 0x03DA, size 1, value 0x01
IN  port 0x03DA, size 1, value 0x01
IN  port 0x03DA, size 1, value 0x01
IN  port 0x03DA, size 1, value 0x01
IN  port 0x03DA, size 1, value 0x01
IN  port 0x03DA, size 1, value 0x01
IN  port 0x03DA, size 1, value 0x01
IN  port 0x03DA, size 1, value 0x01
IN  port 0x03DA, size 1, value 0x01
IN  port 0x03DA, size 1, value 0x01
IN  port 0x03DA, size 1, value 0x01
IN  port 0x03DA, size 1, value 0x01
IN  port 0x03DA, size 1, value 0x01
IN  port 0x03DA, size 1, value 0x01
IN  port 0x03DA, size 1, value 0x01
IN  port 0x03DA, size 1, value 0x01
IN  port 0x03DA, size 1, value 0x01
IN  port 0x03DA, size 1, value 0x01
IN  port 0x03DA, size 1, value 0x01
IN  port 0x03DA, size 1, value 0x01
IN  port 0x03DA, size 1, value 0x01
IN  port 0x03DA, size 1, value 0x01
IN  port 0x03DA, size 1, value 0x01
IN  port 0x03DA, size 1, value 0x01
IN  port 0x03DA, size 1, value 0x01
IN  port 0x03DA, size 1, value 0x01
IN  port 0x03DA, size 1, value 0x01
IN  port 0x03DA, size 1, value 0x01
IN  port 0x03DA, size 1, value 0x01
IN  port 0x03DA, size 1, value 0x01
IN  port 0x03DA, size 1, value 0x01
IN  port 0x03DA, size 1, value 0x01
IN  port 0x03DA, size 1, value 0x01
IN  port 0x03DA, size 1, value 0x01
IN  port 0x03DA, size 1, value 0x01
IN  port 0x03DA, size 1, value 0x01
IN  port 0x03DA, size 1, value 0x01
IN  port 0x03DA, size 1, value 0x01
IN  port 0x03DA, size 1, value 0x01
IN  port 0x03DA, size 1, value 0x01
IN  port 0x03DA, size 1, value 0x01
IN  port 0x03DA, size 1, value 0x01
IN  port 0x03DA, size 1, value 0x09
IN  port 0x03DA, size 1, value 0x09
IN  port 0x03DA, size 1, value 0x09
IN  port 0x03DA, size 1, value 0x09
IN  port 0x03DA, size 1, value 0x09
IN  port 0x03DA, size 1, value 0x09
IN  port 0x03DA, size 1, value 0x09
IN  port 0x03DA, size 1, value 0x09
IN  port 0x03DA, size 1, value 0x09
IN  port 0x03DA, size 1, value 0x09
IN  port 0x03DA, size 1, value 0x09
IN  port 0x03DA, size 1, value 0x09
IN  port 0x03DA, size 1, value 0x09
IN  port 0x03DA, size 1, value 0x09
IN  port 0x03DA, size 1, value 0x09
IN  port 0x03DA, size 1, value 0x09
IN  port 0x03DA, size 1, value 0x09
IN  port 0x03DA, size 1, value 0x09
IN  port 0x03DA, size 1, value 0x09
IN  port 0x03DA, size 1, value 0x09
IN  port 0x03DA, size 1, value 0x09
IN  port 0x03DA, size 1, value 0x09
IN  port 0x03DA, size 1, value 0x09
IN  port 0x03DA, size 1, value 0x09
IN  port 0x03DA, size 1, value 0x09
IN  port 0x03DA, size 1, value 0x09
IN  port 0x03DA, size 1, value 0x09
IN  port 0x03DA, size 1, value 0x09
IN  port 0x03DA, size 1, value 0x09
IN  port 0x03DA, size 1, value 0x09
IN  port 0x03DA, size 1, value 0x09
IN  port 0x03DA, size 1, value 0x09
IN  port 0x03DA, size 1, value 0x09
IN  port 0x03DA, size 1, value 0x09
IN  port 0x03DA, size 1, value 0x09
IN  port 0x03DA, size 1, value 0x09
IN  port 0x03DA, size 1, value 0x09
IN  port 0x03DA, size 1, value 0x09
IN  port 0x03DA, size 1, value 0x09
IN  port 0x03DA, size 1, value 0x09
IN  port 0x03DA, size 1, value 0x09
IN  port 0x03DA, size 1, value 0x09
IN  port 0x03DA, size 1, value 0x09
IN  port 0x03DA, size 1, value 0x09
IN  port 0x03DA, size 1, value 0x09
IN  port 0x03DA, size 1, value 0x09
IN  port 0x03DA, size 1, value 0x09
IN  port 0x03DA, size 1, value 0x09
IN  port 0x03DA, size 1, value 0x09
IN  port 0x03DA, size 1, value 0x09
IN  port 0x03DA, size 1, value 0x09
IN  port 0x03DA, size 1, value 0x09
IN  port 0x03DA, size 1, value 0x09
IN  port 0x03DA, size 1, value 0x09
IN  port 0x03DA, size 1, value 0x09
IN  port 0x03DA, size 1, value 0x09
IN  port 0x03DA, size 1, value 0x09
IN  port 0x03DA, size 1, value 0x09
IN  port 0x03DA, size 1, value 0x09
IN  port 0x03DA, size 1, value 0x09
IN  port 0x03DA, size 1, value 0x09
IN  port 0x03DA, size 1, value 0x09
IN  port 0x03DA, size 1, value 0x09
IN  port 0x03DA, size 1, value 0x09
IN  port 0x03DA, size 1, value 0x09
IN  port 0x03DA, size 1, value 0x09
IN  port 0x03DA, size 1, value 0x09
IN  port 0x03DA, size 1, value 0x09
IN  port 0x03DA, size 1, value 0x09
IN  port 0x03DA, size 1, value 0x09
IN  port 0x03DA, size 1, value 0x09
IN  port 0x03DA, size 1, value 0x09
IN  port 0x03DA, size 1, value 0x09
IN  port 0x03DA, size 1, value 0x09
IN  port 0x03DA, size 1, value 0x09
IN  port 0x03DA, size 1, value 0x09
IN  port 0x03DA, size 1, value 0x09
IN  port 0x03DA, size 1, value 0x09
IN  port 0x03DA, size 1, value 0x09
IN  port 0x03DA, size 1, value 0x09
IN  port 0x03DA, size 1, value 0x09
IN  port 0x03DA, size 1, value 0x09
IN  port 0x03DA, size 1, value 0x09
IN  port 0x03DA, size 1, value 0x09
IN  port 0x03DA, size 1, value 0x09
IN  port 0x03DA, size 1, value 0x09
IN  port 0x03DA, size 1, value 0x09
IN  port 0x03DA, size 1, value 0x09
IN  port 0x03DA, size 1, value 0x09
IN  port 0x03DA, size 1, value 0x09
IN  port 0x03DA, size 1, value 0x09
IN  port 0x03DA, size 1, value 0x09
IN  port 0x03DA, size 1, value 0x09
IN  port 0x03DA, size 1, value 0x09
IN  port 0x03DA, size 1, value 0x09
IN  port 0x03DA, size 1, value 0x09
IN  port 0x03DA, size 1, value 0x09
IN  port 0x03DA, size 1, value 0x09
IN  port 0x03DA, size 1, value 0x09
IN  port 0x03DA, size 1, value 0x09
IN  port 0x03DA, size 1, value 0x09
IN  port 0x03DA, size 1, value 0x09
IN  port 0x03DA, size 1, value 0x09
IN  port 0x03DA, size 1, value 0x09
IN  port 0x03DA, size 1, value 0x09
IN  port 0x03DA, size 1, value 0x09
IN  port 0x03DA, size 1, value 0x09
IN  port 0x03DA, size 1, value 0x09
IN  port 0x03DA, size 1, value 0x09
IN  port 0x03DA, size 1, value 0x09
IN  port 0x03DA, size 1, value 0x09
IN  port 0x03DA, size 1, value 0x09
IN  port 0x03DA, size 1, value 0x09
IN  port 0x03DA, size 1, value 0x09
IN  port 0x03DA, size 1, value 0x09
IN  port 0x03DA, size 1, value 0x09
IN  port 0x03DA, size 1, value 0x09
IN  port 0x03DA, size 1, value 0x09
IN  port 0x03DA, size 1, value 0x09
IN  port 0x03DA, size 1, value 0x09
IN  port 0x03DA, size 1, value 0x09
IN  port 0x03DA, size 1, value 0x09
IN  port 0x03DA, size 1, value 0x09
IN  port 0x03DA, size 1, value 0x09
IN  port 0x03DA, size 1, value 0x09
IN  port 0x03DA, size 1, value 0x09
IN  port 0x03DA, size 1, value 0x09
IN  port 0x03DA, size 1, value 0x09
IN  port 0x03DA, size 1, value 0x09
IN  port 0x03DA, size 1, value 0x09
IN  port 0x03DA, size 1, value 0x09
IN  port 0x03DA, size 1, value 0x09
IN  port 0x03DA, size 1, value 0x09
IN  port 0x03DA, size 1, value 0x09
IN  port 0x03DA, size 1, value 0x09
IN  port 0x03DA, size 1, value 0x09
IN  port 0x03DA, size 1, value 0x09
IN  port 0x03DA, size 1, value 0x09
IN  port 0x03DA, size 1, value 0x09
IN  port 0x03DA, size 1, value 0x09
IN  port 0x03DA, size 1, value 0x09
IN  port 0x03DA, size 1, value 0x09
IN  port 0x03DA, size 1, value 0x09
IN  port 0x03DA, size 1, value 0x09
IN  port 0x03DA, size 1, value 0x09
IN  port 0x03DA, size 1, value 0x09
IN  port 0x03DA, size 1, value 0x09
IN  port 0x03DA, size 1, value 0x09
IN  port 0x03DA, size 1, value 0x09
IN  port 0x03DA, size 1, value 0x09
IN  port 0x03DA, size 1, value 0x09
IN  port 0x03DA, size 1, value 0x09
IN  port 0x03DA, size 1, value 0x09
IN  port 0x03DA, size 1, value 0x09
IN  port 0x03DA, size 1, value 0x09
IN  port 0x03DA, size 1, value 0x09
IN  port 0x03DA, size 1, value 0x09
IN  port 0x03DA, size 1, value 0x09
IN  port 0x03DA, size 1, value 0x09
IN  port 0x03DA, size 1, value 0x09
IN  port 0x03DA, size 1, value 0x09
IN  port 0x03DA, size 1, value 0x09
IN  port 0x03DA, size 1, value 0x09
IN  port 0x03DA, size 1, value 0x09
IN  port 0x03DA, size 1, value 0x09
IN  port 0x03DA, size 1, value 0x09
IN  port 0x03DA, size 1, value 0x09
IN  port 0x03DA, size 1, value 0x09
IN  port 0x03DA, size 1, value 0x09
IN  port 0x03DA, size 1, value 0x09
IN  port 0x03DA, size 1, value 0x09
IN  port 0x03DA, size 1, value 0x09
IN  port 0x03DA, size 1, value 0x09
IN  port 0x03DA, size 1, value 0x09
IN  port 0x03DA, size 1, value 0x09
IN  port 0x03DA, size 1, value 0x09
IN  port 0x03DA, size 1, value 0x09
IN  port 0x03DA, size 1, value 0x09
IN  port 0x03DA, size 1, value 0x09
IN  port 0x03DA, size 1, value 0x09
IN  port 0x03DA, size 1, value 0x09
IN  port 0x03DA, size 1, value 0x09
IN  port 0x03DA, size 1, value 0x09
IN  port 0x03DA, size 1, value 0x09
IN  port 0x03DA, size 1, value 0x09
IN  port 0x03DA, size 1, value 0x09
IN  port 0x03DA, size 1, value 0x09
IN  port 0x03DA, size 1, value 0x09
IN  port 0x03DA, size 1, value 0x09
IN  port 0x03DA, size 1, value 0x09
IN  port 0x03DA, size 1, value 0x09
IN  port 0x03DA, size 1, value 0x09
IN  port 0x03DA, size 1, value 0x09
IN  port 0x03DA, size 1, value 0x09
IN  port 0x03DA, size 1, value 0x09
IN  port 0x03DA, size 1, value 0x09
IN  port 0x03DA, size 1, value 0x09
IN  port 0x03DA, size 1, value 0x09
IN  port 0x03DA, size 1, value 0x09
IN  port 0x03DA, size 1, value 0x09
IN  port 0x03DA, size 1, value 0x09
IN  port 0x03DA, size 1, value 0x09
IN  port 0x03DA, size 1, value 0x09
IN  port 0x03DA, size 1, value 0x09
IN  port 0x03DA, size 1, value 0x09
IN  port 0x03DA, size 1, value 0x09
IN  port 0x03DA, size 1, value 0x09
IN  port 0x03DA, size 1, value 0x09
IN  port 0x03DA, size 1, value 0x09
IN  port 0x03DA, size 1, value 0x09
IN  port 0x03DA, size 1, value 0x09
IN  port 0x03DA, size 1, value 0x09
IN  port 0x03DA, size 1, value 0x09
IN  port 0x03DA, size 1, value 0x09
IN  port 0x03DA, size 1, value 0x09
IN  port 0x03DA, size 1, value 0x09
IN  port 0x03DA, size 1, value 0x09
IN  port 0x03DA, size 1, value 0x09
IN  port 0x03DA, size 1, value 0x09
IN  port 0x03DA, size 1, value 0x09
IN  port 0x03DA, size 1, value 0x09
IN  port 0x03DA, size 1, value 0x09
IN  port 0x03DA, size 1, value 0x09
IN  port 0x03DA, size 1, value 0x09
IN  port 0x03DA, size 1, value 0x09
IN  port 0x03DA, size 1, value 0x09
IN  port 0x03DA, size 1, value 0x09
IN  port 0x03DA, size 1, value 0x09
IN  port 0x03DA, size 1, value 0x09
IN  port 0x03DA, size 1, value 0x09
IN  port 0x03DA, size 1, value 0x09
IN  port 0x03DA, size 1, value 0x09
IN  port 0x03DA, size 1, value 0x09
IN  port 0x03DA, size 1, value 0x09
IN  port 0x03DA, size 1, value 0x09
IN  port 0x03DA, size 1, value 0x09
IN  port 0x03DA, size 1, value 0x09
IN  port 0x03DA, size 1, value 0x09
IN  port 0x03DA, size 1, value 0x09
IN  port 0x03DA, size 1, value 0x09
IN  port 0x03DA, size 1, value 0x09
IN  port 0x03DA, size 1, value 0x09
IN  port 0x03DA, size 1, value 0x09
IN  port 0x03DA, size 1, value 0x09
IN  port 0x03DA, size 1, value 0x09
IN  port 0x03DA, size 1, value 0x09
IN  port 0x03DA, size 1, value 0x09
IN  port 0x03DA, size 1, value 0x09
IN  port 0x03DA, size 1, value 0x09
IN  port 0x03DA, size 1, value 0x09
IN  port 0x03DA, size 1, value 0x09
IN  port 0x03DA, size 1, value 0x09
IN  port 0x03DA, size 1, value 0x09
IN  port 0x03DA, size 1, value 0x09
IN  port 0x03DA, size 1, value 0x09
IN  port 0x03DA, size 1, value 0x09
IN  port 0x03DA, size 1, value 0x09
IN  port 0x03DA, size 1, value 0x09
IN  port 0x03DA, size 1, value 0x01
IN  port 0x03DA, size 1, value 0x01
IN  port 0x03DA, size 1, value 0x01
IN  port 0x03DA, size 1, value 0x01
IN  port 0x03DA, size 1, value 0x01
IN  port 0x03DA, size 1, value 0x01
IN  port 0x03DA, size 1, value 0x01
IN  port 0x03DA, size 1, value 0x01
IN  port 0x03DA, size 1, value 0x01
IN  port 0x03DA, size 1, value 0x01
IN  port 0x03DA, size 1, value 0x01
IN  port 0x03DA, size 1, value 0x01
IN  port 0x03DA, size 1, value 0x01
IN  port 0x03DA, size 1, value 0x01
IN  port 0x03DA, size 1, value 0x01
IN  port 0x03DA, size 1, value 0x01
IN  port 0x03DA, size 1, value 0x01
IN  port 0x03DA, size 1, value 0x01
IN  port 0x03DA, size 1, value 0x01
IN  port 0x03DA, size 1, value 0x01
IN  port 0x03DA, size 1, value 0x01
IN  port 0x03DA, size 1, value 0x01
IN  port 0x03DA, size 1, value 0x01
IN  port 0x03DA, size 1, value 0x01
IN  port 0x03DA, size 1, value 0x01
IN  port 0x03DA, size 1, value 0x01
IN  port 0x03DA, size 1, value 0x01
IN  port 0x03DA, size 1, value 0x01
IN  port 0x03DA, size 1, value 0x01
IN  port 0x03DA, size 1, value 0x01
IN  port 0x03DA, size 1, value 0x01
IN  port 0x03DA, size 1, value 0x01
IN  port 0x03DA, size 1, value 0x01
IN  port 0x03DA, size 1, value 0x01
IN  port 0x03DA, size 1, value 0x01
IN  port 0x03DA, size 1, value 0x01
IN  port 0x03DA, size 1, value 0x01
IN  port 0x03DA, size 1, value 0x01
IN  port 0x03DA, size 1, value 0x01
IN  port 0x03DA, size 1, value 0x01
IN  port 0x03DA, size 1, value 0x01
IN  port 0x03DA, size 1, value 0x01
IN  port 0x03DA, size 1, value 0x01
IN  port 0x03DA, size 1, value 0x01
IN  port 0x03DA, size 1, value 0x01
IN  port 0x03DA, size 1, value 0x01
IN  port 0x03DA, size 1, value 0x01
IN  port 0x03DA, size 1, value 0x01
IN  port 0x03DA, size 1, value 0x01
IN  port 0x03DA, size 1, value 0x01
IN  port 0x03DA, size 1, value 0x01
IN  port 0x03DA, size 1, value 0x01
IN  port 0x03DA, size 1, value 0x01
IN  port 0x03DA, size 1, value 0x01
IN  port 0x03DA, size 1, value 0x01
IN  port 0x03DA, size 1, value 0x01
IN  port 0x03DA, size 1, value 0x01
IN  port 0x03DA, size 1, value 0x01
IN  port 0x03DA, size 1, value 0x01
IN  port 0x03DA, size 1, value 0x01
IN  port 0x03DA, size 1, value 0x01
IN  port 0x03DA, size 1, value 0x01
IN  port 0x03DA, size 1, value 0x01
IN  port 0x03DA, size 1, value 0x01
IN  port 0x03DA, size 1, value 0x01
IN  port 0x03DA, size 1, value 0x01
IN  port 0x03DA, size 1, value 0x01
IN  port 0x03DA, size 1, value 0x01
IN  port 0x03DA, size 1, value 0x01
IN  port 0x03DA, size 1, value 0x01
IN  port 0x03DA, size 1, value 0x01
IN  port 0x03DA, size 1, value 0x01
IN  port 0x03DA, size 1, value 0x01
IN  port 0x03DA, size 1, value 0x01
IN  port 0x03DA, size 1, value 0x01
IN  port 0x03DA, size 1, value 0x01
IN  port 0x03DA, size 1, value 0x01
IN  port 0x03DA, size 1, value 0x01
IN  port 0x03DA, size 1, value 0x01
IN  port 0x03DA, size 1, value 0x01
IN  port 0x03DA, size 1, value 0x01
IN  port 0x03DA, size 1, value 0x01
IN  port 0x03DA, size 1, value 0x01
IN  port 0x03DA, size 1, value 0x01
IN  port 0x03DA, size 1, value 0x01
IN  port 0x03DA, size 1, value 0x01
IN  port 0x03DA, size 1, value 0x01
IN  port 0x03DA, size 1, value 0x01
IN  port 0x03DA, size 1, value 0x01
IN  port 0x03DA, size 1, value 0x01
IN  port 0x03DA, size 1, value 0x01
IN  port 0x03DA, size 1, value 0x01
IN  port 0x03DA, size 1, value 0x01
IN  port 0x03DA, size 1, value 0x01
IN  port 0x03DA, size 1, value 0x01
IN  port 0x03DA, size 1, value 0x01
IN  port 0x03DA, size 1, value 0x01
IN  port 0x03DA, size 1, value 0x01
IN  port 0x03DA, size 1, value 0x01
IN  port 0x03DA, size 1, value 0x01
IN  port 0x03DA, size 1, value 0x01
IN  port 0x03DA, size 1, value 0x01
IN  port 0x03DA, size 1, value 0x01
IN  port 0x03DA, size 1, value 0x01
IN  port 0x03DA, size 1, value 0x01
IN  port 0x03DA, size 1, value 0x01
IN  port 0x03DA, size 1, value 0x01
IN  port 0x03DA, size 1, value 0x01
IN  port 0x03DA, size 1, value 0x01
IN  port 0x03DA, size 1, value 0x01
IN  port 0x03DA, size 1, value 0x01
IN  port 0x03DA, size 1, value 0x01
IN  port 0x03DA, size 1, value 0x01
IN  port 0x03DA, size 1, value 0x01
IN  port 0x03DA, size 1, value 0x01
IN  port 0x03DA, size 1, value 0x01
IN  port 0x03DA, size 1, value 0x01
IN  port 0x03DA, size 1, value 0x01
IN  port 0x03DA, size 1, value 0x01
IN  port 0x03DA, size 1, value 0x01
IN  port 0x03DA, size 1, value 0x01
IN  port 0x03DA, size 1, value 0x01
IN  port 0x03DA, size 1, value 0x01
IN  port 0x03DA, size 1, value 0x01
IN  port 0x03DA, size 1, value 0x01
IN  port 0x03DA, size 1, value 0x01
IN  port 0x03DA, size 1, value 0x01
IN  port 0x03DA, size 1, value 0x01
IN  port 0x03DA, size 1, value 0x01
IN  port 0x03DA, size 1, value 0x01
IN  port 0x03DA, size 1, value 0x01
IN  port 0x03DA, size 1, value 0x01
IN  port 0x03DA, size 1, value 0x01
IN  port 0x03DA, size 1, value 0x01
IN  port 0x03DA, size 1, value 0x01
IN  port 0x03DA, size 1, value 0x01
IN  port 0x03DA, size 1, value 0x01
IN  port 0x03DA, size 1, value 0x01
IN  port 0x03DA, size 1, value 0x01
IN  port 0x03DA, size 1, value 0x01
IN  port 0x03DA, size 1, value 0x01
IN  port 0x03DA, size 1, value 0x01
IN  port 0x03DA, size 1, value 0x01
IN  port 0x03DA, size 1, value 0x01
IN  port 0x03DA, size 1, value 0x01
IN  port 0x03DA, size 1, value 0x01
IN  port 0x03DA, size 1, value 0x01
IN  port 0x03DA, size 1, value 0x01
IN  port 0x03DA, size 1, value 0x01
IN  port 0x03DA, size 1, value 0x01
IN  port 0x03DA, size 1, value 0x01
IN  port 0x03DA, size 1, value 0x01
IN  port 0x03DA, size 1, value 0x01
IN  port 0x03DA, size 1, value 0x01
IN  port 0x03DA, size 1, value 0x01
IN  port 0x03DA, size 1, value 0x01
IN  port 0x03DA, size 1, value 0x01
IN  port 0x03DA, size 1, value 0x01
IN  port 0x03DA, size 1, value 0x01
IN  port 0x03DA, size 1, value 0x01
IN  port 0x03DA, size 1, value 0x01
IN  port 0x03DA, size 1, value 0x01
IN  port 0x03DA, size 1, value 0x01
IN  port 0x03DA, size 1, value 0x01
IN  port 0x03DA, size 1, value 0x01
IN  port 0x03DA, size 1, value 0x01
IN  port 0x03DA, size 1, value 0x01
IN  port 0x03DA, size 1, value 0x01
IN  port 0x03DA, size 1, value 0x01
IN  port 0x03DA, size 1, value 0x01
IN  port 0x03DA, size 1, value 0x01
IN  port 0x03DA, size 1, value 0x01
IN  port 0x03DA, size 1, value 0x01
IN  port 0x03DA, size 1, value 0x01
IN  port 0x03DA, size 1, value 0x01
IN  port 0x03DA, size 1, value 0x01
IN  port 0x03DA, size 1, value 0x01
IN  port 0x03DA, size 1, value 0x01
IN  port 0x03DA, size 1, value 0x01
IN  port 0x03DA, size 1, value 0x01
IN  port 0x03DA, size 1, value 0x01
IN  port 0x03DA, size 1, value 0x01
IN  port 0x03DA, size 1, value 0x01
IN  port 0x03DA, size 1, value 0x01
IN  port 0x03DA, size 1, value 0x01
IN  port 0x03DA, size 1, value 0x01
IN  port 0x03DA, size 1, value 0x01
IN  port 0x03DA, size 1, value 0x01
IN  port 0x03DA, size 1, value 0x01
IN  port 0x03DA, size 1, value 0x01
IN  port 0x03DA, size 1, value 0x01
IN  port 0x03DA, size 1, value 0x01
IN  port 0x03DA, size 1, value 0x01
IN  port 0x03DA, size 1, value 0x01
IN  port 0x03DA, size 1, value 0x01
IN  port 0x03DA, size 1, value 0x01
IN  port 0x03DA, size 1, value 0x01
IN  port 0x03DA, size 1, value 0x01
IN  port 0x03DA, size 1, value 0x01
IN  port 0x03DA, size 1, value 0x01
IN  port 0x03DA, size 1, value 0x01
IN  port 0x03DA, size 1, value 0x01
IN  port 0x03DA, size 1, value 0x01
IN  port 0x03DA, size 1, value 0x01
IN  port 0x03DA, size 1, value 0x01
IN  port 0x03DA, size 1, value 0x01
IN  port 0x03DA, size 1, value 0x01
IN  port 0x03DA, size 1, value 0x01
IN  port 0x03DA, size 1, value 0x01
IN  port 0x03DA, size 1, value 0x01
IN  port 0x03DA, size 1, value 0x01
IN  port 0x03DA, size 1, value 0x01
IN  port 0x03DA, size 1, value 0x01
IN  port 0x03DA, size 1, value 0x01
IN  port 0x03DA, size 1, value 0x01
IN  port 0x03DA, size 1, value 0x01
IN  port 0x03DA, size 1, value 0x01
IN  port 0x03DA, size 1, value 0x01
IN  port 0x03DA, size 1, value 0x01
IN  port 0x03DA, size 1, value 0x01
IN  port 0x03DA, size 1, value 0x01
IN  port 0x03DA, size 1, value 0x01
IN  port 0x03DA, size 1, value 0x01
IN  port 0x03DA, size 1, value 0x01
IN  port 0x03DA, size 1, value 0x01
IN  port 0x03DA, size 1, value 0x01
IN  port 0x03DA, size 1, value 0x01
IN  port 0x03DA, size 1, value 0x01
IN  port 0x03DA, size 1, value 0x01
IN  port 0x03DA, size 1, value 0x01
IN  port 0x03DA, size 1, value 0x01
IN  port 0x03DA, size 1, value 0x01
IN  port 0x03DA, size 1, value 0x01
IN  port 0x03DA, size 1, value 0x01
IN  port 0x03DA, size 1, value 0x01
IN  port 0x03DA, size 1, value 0x01
IN  port 0x03DA, size 1, value 0x01
IN  port 0x03DA, size 1, value 0x01
IN  port 0x03DA, size 1, value 0x01
IN  port 0x03DA, size 1, value 0x01
IN  port 0x03DA, size 1, value 0x01
IN  port 0x03DA, size 1, value 0x01
IN  port 0x03DA, size 1, value 0x01
IN  port 0x03DA, size 1, value 0x01
IN  port 0x03DA, size 1, value 0x01
IN  port 0x03DA, size 1, value 0x01
IN  port 0x03DA, size 1, value 0x01
IN  port 0x03DA, size 1, value 0x01
IN  port 0x03DA, size 1, value 0x01
IN  port 0x03DA, size 1, value 0x01
IN  port 0x03DA, size 1, value 0x01
IN  port 0x03DA, size 1, value 0x01
IN  port 0x03DA, size 1, value 0x01
IN  port 0x03DA, size 1, value 0x01
IN  port 0x03DA, size 1, value 0x01
IN  port 0x03DA, size 1, value 0x01
IN  port 0x03DA, size 1, value 0x01
IN  port 0x03DA, size 1, value 0x01
IN  port 0x03DA, size 1, value 0x01
IN  port 0x03DA, size 1, value 0x01
IN  port 0x03DA, size 1, value 0x01
IN  port 0x03DA, size 1, value 0x01
IN  port 0x03DA, size 1, value 0x01
IN  port 0x03DA, size 1, value 0x01
IN  port 0x03DA, size 1, value 0x01
IN  port 0x03DA, size 1, value 0x01
IN  port 0x03DA, size 1, value 0x01
IN  port 0x03DA, size 1, value 0x01
IN  port 0x03DA, size 1, value 0x01
IN  port 0x03DA, size 1, value 0x01
IN  port 0x03DA, size 1, value 0x01
IN  port 0x03DA, size 1, value 0x01
IN  port 0x03DA, size 1, value 0x01
IN  port 0x03DA, size 1, value 0x01
IN  port 0x03DA, size 1, value 0x01
IN  port 0x03DA, size 1, value 0x01
IN  port 0x03DA, size 1, value 0x01
IN  port 0x03DA, size 1, value 0x01
IN  port 0x03DA, size 1, value 0x01
IN  port 0x03DA, size 1, value 0x01
IN  port 0x03DA, size 1, value 0x01
IN  port 0x03DA, size 1, value 0x01
IN  port 0x03DA, size 1, value 0x01
IN  port 0x03DA, size 1, value 0x01
IN  port 0x03DA, size 1, value 0x01
IN  port 0x03DA, size 1, value 0x01
IN  port 0x03DA, size 1, value 0x01
IN  port 0x03DA, size 1, value 0x01
IN  port 0x03DA, size 1, value 0x01
IN  port 0x03DA, size 1, value 0x01
IN  port 0x03DA, size 1, value 0x01
IN  port 0x03DA, size 1, value 0x01
IN  port 0x03DA, size 1, value 0x01
IN  port 0x03DA, size 1, value 0x01
IN  port 0x03DA, size 1, value 0x01
IN  port 0x03DA, size 1, value 0x01
IN  port 0x03DA, size 1, value 0x01
IN  port 0x03DA, size 1, value 0x01
IN  port 0x03DA, size 1, value 0x01
IN  port 0x03DA, size 1, value 0x01
IN  port 0x03DA, size 1, value 0x01
IN  port 0x03DA, size 1, value 0x01
IN  port 0x03DA, size 1, value 0x01
IN  port 0x03DA, size 1, value 0x01
IN  port 0x03DA, size 1, value 0x01
IN  port 0x03DA, size 1, value 0x01
IN  port 0x03DA, size 1, value 0x01
IN  port 0x03DA, size 1, value 0x01
IN  port 0x03DA, size 1, value 0x01
IN  port 0x03DA, size 1, value 0x01
IN  port 0x03DA, size 1, value 0x01
IN  port 0x03DA, size 1, value 0x01
IN  port 0x03DA, size 1, value 0x01
IN  port 0x03DA, size 1, value 0x01
IN  port 0x03DA, size 1, value 0x01
IN  port 0x03DA, size 1, value 0x01
IN  port 0x03DA, size 1, value 0x01
IN  port 0x03DA, size 1, value 0x01
IN  port 0x03DA, size 1, value 0x01
IN  port 0x03DA, size 1, value 0x01
IN  port 0x03DA, size 1, value 0x01
IN  port 0x03DA, size 1, value 0x01
IN  port 0x03DA, size 1, value 0x01
IN  port 0x03DA, size 1, value 0x01
IN  port 0x03DA, size 1, value 0x01
IN  port 0x03DA, size 1, value 0x01
IN  port 0x03DA, size 1, value 0x01
IN  port 0x03DA, size 1, value 0x01
IN  port 0x03DA, size 1, value 0x01
IN  port 0x03DA, size 1, value 0x01
IN  port 0x03DA, size 1, value 0x01
IN  port 0x03DA, size 1, value 0x01
IN  port 0x03DA, size 1, value 0x01
IN  port 0x03DA, size 1, value 0x01
IN  port 0x03DA, size 1, value 0x01
IN  port 0x03DA, size 1, value 0x01
IN  port 0x03DA, size 1, value 0x01
IN  port 0x03DA, size 1, value 0x01
IN  port 0x03DA, size 1, value 0x01
IN  port 0x03DA, size 1, value 0x01
IN  port 0x03DA, size 1, value 0x01
IN  port 0x03DA, size 1, value 0x01
IN  port 0x03DA, size 1, value 0x01
IN  port 0x03DA, size 1, value 0x01
IN  port 0x03DA, size 1, value 0x01
IN  port 0x03DA, size 1, value 0x01
IN  port 0x03DA, size 1, value 0x01
IN  port 0x03DA, size 1, value 0x01
IN  port 0x03DA, size 1, value 0x01
IN  port 0x03DA, size 1, value 0x01
IN  port 0x03DA, size 1, value 0x01
IN  port 0x03DA, size 1, value 0x01
IN  port 0x03DA, size 1, value 0x01
IN  port 0x03DA, size 1, value 0x01
IN  port 0x03DA, size 1, value 0x01
IN  port 0x03DA, size 1, value 0x01
IN  port 0x03DA, size 1, value 0x01
IN  port 0x03DA, size 1, value 0x01
IN  port 0x03DA, size 1, value 0x01
IN  port 0x03DA, size 1, value 0x01
IN  port 0x03DA, size 1, value 0x01
IN  port 0x03DA, size 1, value 0x01
IN  port 0x03DA, size 1, value 0x01
IN  port 0x03DA, size 1, value 0x01
IN  port 0x03DA, size 1, value 0x01
IN  port 0x03DA, size 1, value 0x01
IN  port 0x03DA, size 1, value 0x01
IN  port 0x03DA, size 1, value 0x01
IN  port 0x03DA, size 1, value 0x01
IN  port 0x03DA, size 1, value 0x01
IN  port 0x03DA, size 1, value 0x01
IN  port 0x03DA, size 1, value 0x01
IN  port 0x03DA, size 1, value 0x00
IN  port 0x03DA, size 1, value 0x00
IN  port 0x03DA, size 1, value 0x00
IN  port 0x03DA, size 1, value 0x00
IN  port 0x03DA, size 1, value 0x00
IN  port 0x03DA, size 1, value 0x00
IN  port 0x03DA, size 1, value 0x00
IN  port 0x03DA, size 1, value 0x00
IN  port 0x03DA, size 1, value 0x00
IN  port 0x03DA, size 1, value 0x00
IN  port 0x03DA, size 1, value 0x00
IN  port 0x03DA, size 1, value 0x00
IN  port 0x03DA, size 1, value 0x01
OUT port 0x03D4, size 1, value 0x0E
OUT port 0x03D5, size 1, value 0x00
OUT port 0x03D4, size 1, value 0x0F
OUT port 0x03D5, size 1, value 0xA3
IN  port 0x03DA, size 1, value 0x00
IN  port 0x03DA, size 1, value 0x00
IN  port 0x03DA, size 1, value 0x00
IN  port 0x03DA, size 1, value 0x00
IN  port 0x03DA, size 1, value 0x01
OUT port 0x03D4, size 1, value 0x0E
OUT port 0x03D5, size 1, value 0x00
OUT port 0x03D4, size 1, value 0x0F
OUT port 0x03D5, size 1, value 0xA4
IN  port 0x03DA, size 1, value 0x00
IN  port 0x03DA, size 1, value 0x00
IN  port 0x03DA, size 1, value 0x00
IN  port 0x03DA, size 1, value 0x01
OUT port 0x03D4, size 1, value 0x0E
OUT port 0x03D5, size 1, value 0x00
OUT port 0x03D4, size 1, value 0x0F
OUT port 0x03D5, size 1, value 0xA5
IN  port 0x03DA, size 1, value 0x00
IN  port 0x03DA, size 1, value 0x00
IN  port 0x03DA, size 1, value 0x00
IN  port 0x03DA, size 1, value 0x00
IN  port 0x03DA, size 1, value 0x01
OUT port 0x03D4, size 1, value 0x0E
OUT port 0x03D5, size 1, value 0x00
OUT port 0x03D4, size 1, value 0x0F
OUT port 0x03D5, size 1, value 0xA6
IN  port 0x03DA, size 1, value 0x00
IN  port 0x03DA, size 1, value 0x00
IN  port 0x03DA, size 1, value 0x00
IN  port 0x03DA, size 1, value 0x01
OUT port 0x03D4, size 1, value 0x0E
OUT port 0x03D5, size 1, value 0x00
OUT port 0x03D4, size 1, value 0x0F
OUT port 0x03D5, size 1, value 0xA7
IN  port 0x03DA, size 1, value 0x00
IN  port 0x03DA, size 1, value 0x00
IN  port 0x03DA, size 1, value 0x00
IN  port 0x03DA, size 1, value 0x00
IN  port 0x03DA, size 1, value 0x01
OUT port 0x03D4, size 1, value 0x0E
OUT port 0x03D5, size 1, value 0x00
OUT port 0x03D4, size 1, value 0x0F
OUT port 0x03D5, size 1, value 0xA8
OUT port 0x03D4, size 1, value 0x0E
OUT port 0x03D5, size 1, value 0x00
OUT port 0x03D4, size 1, value 0x0F
OUT port 0x03D5, size 1, value 0xA0
OUT port 0x03D4, size 1, value 0x0E
OUT port 0x03D5, size 1, value 0x00
OUT port 0x03D4, size 1, value 0x0F
OUT port 0x03D5, size 1, value 0xF0
OUT port 0x03D4, size 1, value 0x0E
OUT port 0x03D5, size 1, value 0x06
OUT port 0x03D4, size 1, value 0x0F
OUT port 0x03D5, size 1, value 0xE3
IN  port 0x03DA, size 1, value 0x00
IN  port 0x03DA, size 1, value 0x01
OUT port 0x03D4, size 1, value 0x0E
OUT port 0x03D5, size 1, value 0x06
OUT port 0x03D4, size 1, value 0x0F
OUT port 0x03D5, size 1, value 0xE4
IN  port 0x03DA, size 1, value 0x00
IN  port 0x03DA, size 1, value 0x00
IN  port 0x03DA, size 1, value 0x00
IN  port 0x03DA, size 1, value 0x00
IN  port 0x03DA, size 1, value 0x00
IN  port 0x03DA, size 1, value 0x00
IN  port 0x03DA, size 1, value 0x01
OUT port 0x03D4, size 1, value 0x0E
OUT port 0x03D5, size 1, value 0x06
OUT port 0x03D4, size 1, value 0x0F
OUT port 0x03D5, size 1, value 0xE5
IN  port 0x03DA, size 1, value 0x00
IN  port 0x03DA, size 1, value 0x00
IN  port 0x03DA, size 1, value 0x00
IN  port 0x03DA, size 1, value 0x00
IN  port 0x03DA, size 1, value 0x00
IN  port 0x03DA, size 1, value 0x00
IN  port 0x03DA, size 1, value 0x01
OUT port 0x03D4, size 1, value 0x0E
OUT port 0x03D5, size 1, value 0x00
OUT port 0x03D4, size 1, value 0x0F
OUT port 0x03D5, size 1, value 0xF0
OUT port 0x0020, size 1, value 0x20
IN  port 0x0021, size 1, value 0xFE
OUT port 0x0021, size 1, value 0xFC
IN  port 0x0201, size 1, value 0xFF
OUT port 0x03BC, size 1, value 0xAA
IN  port 0x03BC, size 1, value 0xFF
OUT port 0x0378, size 1, value 0xAA
IN  port 0x0378, size 1, value 0xFF
OUT port 0x0278, size 1, value 0xAA
IN  port 0x0278, size 1, value 0xFF
IN  port 0x03FA, size 1, value 0x00
IN  port 0x02FA, size 1, value 0x00
IN  port 0x0021, size 1, value 0xFC
OUT port 0x0021, size 1, value 0xBC
IN  port 0x0061, size 1, value 0x41
OUT port 0x0061, size 1, value 0x41
OUT port 0x03F2, size 1, value 0x08
OUT port 0x03F2, size 1, value 0x0C
OUT port 0x0020, size 1, value 0x20
IN  port 0x03F4, size 1, value 0x80
IN  port 0x03F4, size 1, value 0x80
OUT port 0x03F5, size 1, value 0x08
IN  port 0x03F4, size 1, value 0xD0
IN  port 0x03F4, size 1, value 0xD0
IN  port 0x03F5, size 1, value 0xC0
IN  port 0x03F4, size 1, value 0xD0
IN  port 0x03F4, size 1, value 0xD0
IN  port 0x03F5, size 1, value 0x00
IN  port 0x03F4, size 1, value 0x80
IN  port 0x03F4, size 1, value 0x80
IN  port 0x03F4, size 1, value 0x80
OUT port 0x03F5, size 1, value 0x03
IN  port 0x03F4, size 1, value 0x90
IN  port 0x03F4, size 1, value 0x90
OUT port 0x03F5, size 1, value 0xCF
IN  port 0x03F4, size 1, value 0x90
IN  port 0x03F4, size 1, value 0x90
OUT port 0x03F5, size 1, value 0x02
OUT port 0x03F2, size 1, value 0x1C
IN  port 0x03F4, size 1, value 0x80
IN  port 0x03F4, size 1, value 0x80
OUT port 0x03F5, size 1, value 0x07
IN  port 0x03F4, size 1, value 0x90
IN  port 0x03F4, size 1, value 0x90
OUT port 0x03F5, size 1, value 0x00
OUT port 0x0020, size 1, value 0x20
IN  port 0x03F4, size 1, value 0x81
IN  port 0x03F4, size 1, value 0x81
OUT port 0x03F5, size 1, value 0x08
IN  port 0x03F4, size 1, value 0xD1
IN  port 0x03F4, size 1, value 0xD1
IN  port 0x03F5, size 1, value 0x20
IN  port 0x03F4, size 1, value 0xD0
IN  port 0x03F4, size 1, value 0xD0
IN  port 0x03F5, size 1, value 0x00
IN  port 0x03F4, size 1, value 0x80
IN  port 0x03F4, size 1, value 0x80
IN  port 0x03F4, size 1, value 0x80
OUT port 0x03F5, size 1, value 0x0F
IN  port 0x03F4, size 1, value 0x90
IN  port 0x03F4, size 1, value 0x90
OUT port 0x03F5, size 1, value 0x00
IN  port 0x03F4, size 1, value 0x90
IN  port 0x03F4, size 1, value 0x90
OUT port 0x03F5, size 1, value 0x04
OUT port 0x0020, size 1, value 0x20
IN  port 0x03F4, size 1, value 0x81
IN  port 0x03F4, size 1, value 0x81
OUT port 0x03F5, size 1, value 0x08
OUT port 0x0020, size 1, value 0x20
IN  port 0x03F4, size 1, value 0xD1
IN  port 0x03F4, size 1, value 0xD1
IN  port 0x03F5, size 1, value 0x20
IN  port 0x03F4, size 1, value 0xD0
IN  port 0x03F4, size 1, value 0xD0
IN  port 0x03F5, size 1, value 0x04
IN  port 0x03F4, size 1, value 0x80
OUT port 0x0020, size 1, value 0x20
IN  port 0x03F4, size 1, value 0x80
IN  port 0x03F4, size 1, value 0x80
OUT port 0x03F5, size 1, value 0x0F
IN  port 0x03F4, size 1, value 0x90
IN  port 0x03F4, size 1, value 0x90
OUT port 0x03F5, size 1, value 0x00
IN  port 0x03F4, size 1, value 0x90
IN  port 0x03F4, size 1, value 0x90
OUT port 0x03F5, size 1, value 0x26
OUT port 0x0020, size 1, value 0x20
IN  port 0x03F4, size 1, value 0x81
IN  port 0x03F4, size 1, value 0x81
OUT port 0x03F5, size 1, value 0x08
IN  port 0x03F4, size 1, value 0xD1
IN  port 0x03F4, size 1, value 0xD1
IN  port 0x03F5, size 1, value 0x20
IN  port 0x03F4, size 1, value 0xD0
IN  port 0x03F4, size 1, value 0xD0
IN  port 0x03F5, size 1, value 0x26
IN  port 0x03F4, size 1, value 0x80
OUT port 0x0020, size 1, value 0x20
OUT port 0x0043, size 1, value 0xB6
OUT port 0x0042, size 1, value 0x05
OUT port 0x0042, size 1, value 0x05
IN  port 0x0061, size 1, value 0x41
OUT port 0x0061, size 1, value 0x43
OUT port 0x0020, size 1, value 0x20
OUT port 0x0020, size 1, value 0x20
OUT port 0x0061, size 1, value 0x41
OUT port 0x0020, size 1, value 0x20
OUT port 0x0020, size 1, value 0x20
OUT port 0x0020, size 1, value 0x20
OUT port 0x0020, size 1, value 0x20
OUT port 0x0020, size 1, value 0x20
OUT port 0x0020, size 1, value 0x20
OUT port 0x0020, size 1, value 0x20
OUT port 0x0020, size 1, value 0x20
OUT port 0x0020, size 1, value 0x20
OUT port 0x0020, size 1, value 0x20
IN  port 0x0061, size 1, value 0x41
OUT port 0x0061, size 1, value 0x71
OUT port 0x0061, size 1, value 0x41
OUT port 0x00A0, size 1, value 0x80
OUT port 0x03D8, size 1, value 0x00
OUT port 0x03D4, size 1, value 0x00
OUT port 0x03D5, size 1, value 0x71
OUT port 0x03D4, size 1, value 0x01
OUT port 0x03D5, size 1, value 0x50
OUT port 0x03D4, size 1, value 0x02
OUT port 0x03D5, size 1, value 0x5A
OUT port 0x03D4, size 1, value 0x03
OUT port 0x03D5, size 1, value 0x0A
OUT port 0x03D4, size 1, value 0x04
OUT port 0x03D5, size 1, value 0x1F
OUT port 0x03D4, size 1, value 0x05
OUT port 0x03D5, size 1, value 0x06
OUT port 0x03D4, size 1, value 0x06
OUT port 0x03D5, size 1, value 0x19
OUT port 0x03D4, size 1, value 0x07
OUT port 0x03D5, size 1, value 0x1C
OUT port 0x03D4, size 1, value 0x08
OUT port 0x03D5, size 1, value 0x02
OUT port 0x03D4, size 1, value 0x09
OUT port 0x03D5, size 1, value 0x07
OUT port 0x03D4, size 1, value 0x0A
OUT port 0x03D5, size 1, value 0x06
OUT port 0x03D4, size 1, value 0x0B
OUT port 0x03D5, size 1, value 0x07
OUT port 0x03D4, size 1, value 0x0C
OUT port 0x03D5, size 1, value 0x00
OUT port 0x03D4, size 1, value 0x0D
OUT port 0x03D5, size 1, value 0x00
OUT port 0x03D4, size 1, value 0x0E
OUT port 0x03D5, size 1, value 0x00
OUT port 0x03D4, size 1, value 0x0F
OUT port 0x03D5, size 1, value 0x00
OUT port 0x03D8, size 1, value 0x29
OUT port 0x03D9, size 1, value 0x30
IN  port 0x0061, size 1, value 0x41
OUT port 0x0061, size 1, value 0x41
OUT port 0x03F2, size 1, value 0x18
OUT port 0x03F2, size 1, value 0x1C
OUT port 0x0020, size 1, value 0x20
IN  port 0x03F4, size 1, value 0x80
IN  port 0x03F4, size 1, value 0x80
OUT port 0x03F5, size 1, value 0x08
IN  port 0x03F4, size 1, value 0xD0
IN  port 0x03F4, size 1, value 0xD0
IN  port 0x03F5, size 1, value 0xC0
IN  port 0x03F4, size 1, value 0xD0
IN  port 0x03F4, size 1, value 0xD0
IN  port 0x03F5, size 1, value 0x26
IN  port 0x03F4, size 1, value 0x80
IN  port 0x03F4, size 1, value 0x80
IN  port 0x03F4, size 1, value 0x80
OUT port 0x03F5, size 1, value 0x03
IN  port 0x03F4, size 1, value 0x90
IN  port 0x03F4, size 1, value 0x90
OUT port 0x03F5, size 1, value 0xCF
IN  port 0x03F4, size 1, value 0x90
IN  port 0x03F4, size 1, value 0x90
OUT port 0x03F5, size 1, value 0x02
IN  port 0x0061, size 1, value 0x41
OUT port 0x0061, size 1, value 0x41
OUT port 0x000C, size 1, value 0x46
OUT port 0x000B, size 1, value 0x46
OUT port 0x0005, size 1, value 0xFF
OUT port 0x0005, size 1, value 0x01
OUT port 0x0004, size 1, value 0x00
OUT port 0x0004, size 1, value 0x7C
OUT port 0x0081, size 1, value 0x00
OUT port 0x000A, size 1, value 0x02
IN  port 0x03F4, size 1, value 0x80
IN  port 0x03F4, size 1, value 0x80
OUT port 0x03F5, size 1, value 0x07
IN  port 0x03F4, size 1, value 0x90
IN  port 0x03F4, size 1, value 0x90
OUT port 0x03F5, size 1, value 0x00
OUT port 0x0020, size 1, value 0x20
IN  port 0x03F4, size 1, value 0x81
IN  port 0x03F4, size 1, value 0x81
OUT port 0x03F5, size 1, value 0x08
IN  port 0x03F4, size 1, value 0xD1
IN  port 0x03F4, size 1, value 0xD1
IN  port 0x03F5, size 1, value 0x20
IN  port 0x03F4, size 1, value 0xD0
IN  port 0x03F4, size 1, value 0xD0
IN  port 0x03F5, size 1, value 0x00
IN  port 0x03F4, size 1, value 0x80
IN  port 0x03F4, size 1, value 0x80
IN  port 0x03F4, size 1, value 0x80
OUT port 0x03F5, size 1, value 0x0F
IN  port 0x03F4, size 1, value 0x90
IN  port 0x03F4, size 1, value 0x90
OUT port 0x03F5, size 1, value 0x00
IN  port 0x03F4, size 1, value 0x90
IN  port 0x03F4, size 1, value 0x90
OUT port 0x03F5, size 1, value 0x00
OUT port 0x0020, size 1, value 0x20
IN  port 0x03F4, size 1, value 0x81
IN  port 0x03F4, size 1, value 0x81
OUT port 0x03F5, size 1, value 0x08
IN  port 0x03F4, size 1, value 0xD1
IN  port 0x03F4, size 1, value 0xD1
IN  port 0x03F5, size 1, value 0x20
IN  port 0x03F4, size 1, value 0xD0
IN  port 0x03F4, size 1, value 0xD0
IN  port 0x03F5, size 1, value 0x00
IN  port 0x03F4, size 1, value 0x80
OUT port 0x0020, size 1, value 0x20
IN  port 0x03F4, size 1, value 0x80
IN  port 0x03F4, size 1, value 0x80
OUT port 0x03F5, size 1, value 0xE6
IN  port 0x03F4, size 1, value 0x90
IN  port 0x03F4, size 1, value 0x90
OUT port 0x03F5, size 1, value 0x00
IN  port 0x03F4, size 1, value 0x90
IN  port 0x03F4, size 1, value 0x90
OUT port 0x03F5, size 1, value 0x00
IN  port 0x03F4, size 1, value 0x90
IN  port 0x03F4, size 1, value 0x90
OUT port 0x03F5, size 1, value 0x00
IN  port 0x03F4, size 1, value 0x90
IN  port 0x03F4, size 1, value 0x90
OUT port 0x03F5, size 1, value 0x01
IN  port 0x03F4, size 1, value 0x90
IN  port 0x03F4, size 1, value 0x90
OUT port 0x03F5, size 1, value 0x02
IN  port 0x03F4, size 1, value 0x90
IN  port 0x03F4, size 1, value 0x90
OUT port 0x03F5, size 1, value 0x08
IN  port 0x03F4, size 1, value 0x90
IN  port 0x03F4, size 1, value 0x90
OUT port 0x03F5, size 1, value 0x2A
IN  port 0x03F4, size 1, value 0x90
IN  port 0x03F4, size 1, value 0x90
OUT port 0x03F5, size 1, value 0xFF
OUT port 0x0020, size 1, value 0x20
OUT port 0x0020, size 1, value 0x20
IN  port 0x03F4, size 1, value 0xD0
IN  port 0x03F4, size 1, value 0xD0
IN  port 0x03F5, size 1, value 0x00
IN  port 0x03F4, size 1, value 0xD0
IN  port 0x03F4, size 1, value 0xD0
IN  port 0x03F5, size 1, value 0x00
IN  port 0x03F4, size 1, value 0xD0
IN  port 0x03F4, size 1, value 0xD0
IN  port 0x03F5, size 1, value 0x00
IN  port 0x03F4, size 1, value 0xD0
IN  port 0x03F4, size 1, value 0xD0
IN  port 0x03F5, size 1, value 0x00
IN  port 0x03F4, size 1, value 0xD0
IN  port 0x03F4, size 1, value 0xD0
IN  port 0x03F5, size 1, value 0x00
IN  port 0x03F4, size 1, value 0xD0
IN  port 0x03F4, size 1, value 0xD0
IN  port 0x03F5, size 1, value 0x02
IN  port 0x03F4, size 1, value 0xD0
IN  port 0x03F4, size 1, value 0xD0
IN  port 0x03F5, size 1, value 0x02
IN  port 0x03F4, size 1, value 0x80
IN  port 0x0061, size 1, value 0x41
OUT port 0x0061, size 1, value 0x41
OUT port 0x03F2, size 1, value 0x18
OUT port 0x03F2, size 1, value 0x1C
OUT port 0x0020, size 1, value 0x20
IN  port 0x03F4, size 1, value 0x80
IN  port 0x03F4, size 1, value 0x80
OUT port 0x03F5, size 1, value 0x08
IN  port 0x03F4, size 1, value 0xD0
IN  port 0x03F4, size 1, value 0xD0
IN  port 0x03F5, size 1, value 0xC0
IN  port 0x03F4, size 1, value 0xD0
IN  port 0x03F4, size 1, value 0xD0
IN  port 0x03F5, size 1, value 0x00
IN  port 0x03F4, size 1, value 0x80
IN  port 0x03F4, size 1, value 0x80
IN  port 0x03F4, size 1, value 0x80
OUT port 0x03F5, size 1, value 0x03
IN  port 0x03F4, size 1, value 0x90
IN  port 0x03F4, size 1, value 0x90
OUT port 0x03F5, size 1, value 0xDF
IN  port 0x03F4, size 1, value 0x90
IN  port 0x03F4, size 1, value 0x90
OUT port 0x03F5, size 1, value 0x02
IN  port 0x0061, size 1, value 0x41
OUT port 0x0061, size 1, value 0x41
OUT port 0x000C, size 1, value 0x46
OUT port 0x000B, size 1, value 0x46
OUT port 0x0005, size 1, value 0xFF
OUT port 0x0005, size 1, value 0x01
OUT port 0x0004, size 1, value 0x00
OUT port 0x0004, size 1, value 0x05
OUT port 0x0081, size 1, value 0x00
OUT port 0x000A, size 1, value 0x02
IN  port 0x03F4, size 1, value 0x80
IN  port 0x03F4, size 1, value 0x80
OUT port 0x03F5, size 1, value 0x07
IN  port 0x03F4, size 1, value 0x90
IN  port 0x03F4, size 1, value 0x90
OUT port 0x03F5, size 1, value 0x00
OUT port 0x0020, size 1, value 0x20
IN  port 0x03F4, size 1, value 0x81
IN  port 0x03F4, size 1, value 0x81
OUT port 0x03F5, size 1, value 0x08
IN  port 0x03F4, size 1, value 0xD1
IN  port 0x03F4, size 1, value 0xD1
IN  port 0x03F5, size 1, value 0x20
IN  port 0x03F4, size 1, value 0xD0
IN  port 0x03F4, size 1, value 0xD0
IN  port 0x03F5, size 1, value 0x00
IN  port 0x03F4, size 1, value 0x80
IN  port 0x03F4, size 1, value 0x80
IN  port 0x03F4, size 1, value 0x80
OUT port 0x03F5, size 1, value 0x0F
IN  port 0x03F4, size 1, value 0x90
IN  port 0x03F4, size 1, value 0x90
OUT port 0x03F5, size 1, value 0x00
IN  port 0x03F4, size 1, value 0x90
IN  port 0x03F4, size 1, value 0x90
OUT port 0x03F5, size 1, value 0x00
OUT port 0x0020, size 1, value 0x20
IN  port 0x03F4, size 1, value 0x81
IN  port 0x03F4, size 1, value 0x81
OUT port 0x03F5, size 1, value 0x08
IN  port 0x03F4, size 1, value 0xD1
IN  port 0x03F4, size 1, value 0xD1
IN  port 0x03F5, size 1, value 0x20
IN  port 0x03F4, size 1, value 0xD0
IN  port 0x03F4, size 1, value 0xD0
IN  port 0x03F5, size 1, value 0x00
IN  port 0x03F4, size 1, value 0x80
IN  port 0x03F4, size 1, value 0x80
IN  port 0x03F4, size 1, value 0x80
OUT port 0x03F5, size 1, value 0xE6
IN  port 0x03F4, size 1, value 0x90
IN  port 0x03F4, size 1, value 0x90
OUT port 0x03F5, size 1, value 0x00
IN  port 0x03F4, size 1, value 0x90
IN  port 0x03F4, size 1, value 0x90
OUT port 0x03F5, size 1, value 0x00
IN  port 0x03F4, size 1, value 0x90
IN  port 0x03F4, size 1, value 0x90
OUT port 0x03F5, size 1, value 0x00
IN  port 0x03F4, size 1, value 0x90
OUT port 0x0020, size 1, value 0x20
IN  port 0x03F4, size 1, value 0x90
OUT port 0x03F5, size 1, value 0x06
IN  port 0x03F4, size 1, value 0x90
IN  port 0x03F4, size 1, value 0x90
OUT port 0x03F5, size 1, value 0x02
IN  port 0x03F4, size 1, value 0x90
IN  port 0x03F4, size 1, value 0x90
OUT port 0x03F5, size 1, value 0x09
IN  port 0x03F4, size 1, value 0x90
IN  port 0x03F4, size 1, value 0x90
OUT port 0x03F5, size 1, value 0x2A
IN  port 0x03F4, size 1, value 0x90
IN  port 0x03F4, size 1, value 0x90
OUT port 0x03F5, size 1, value 0xFF
OUT port 0x0020, size 1, value 0x20
OUT port 0x0020, size 1, value 0x20
IN  port 0x03F4, size 1, value 0xD0
IN  port 0x03F4, size 1, value 0xD0
IN  port 0x03F5, size 1, value 0x00
IN  port 0x03F4, size 1, value 0xD0
IN  port 0x03F4, size 1, value 0xD0
IN  port 0x03F5, size 1, value 0x00
IN  port 0x03F4, size 1, value 0xD0
IN  port 0x03F4, size 1, value 0xD0
IN  port 0x03F5, size 1, value 0x00
IN  port 0x03F4, size 1, value 0xD0
IN  port 0x03F4, size 1, value 0xD0
IN  port 0x03F5, size 1, value 0x00
IN  port 0x03F4, size 1, value 0xD0
IN  port 0x03F4, size 1, value 0xD0
IN  port 0x03F5, size 1, value 0x00
IN  port 0x03F4, size 1, value 0xD0
IN  port 0x03F4, size 1, value 0xD0
IN  port 0x03F5, size 1, value 0x07
IN  port 0x03F4, size 1, value 0xD0
IN  port 0x03F4, size 1, value 0xD0
IN  port 0x03F5, size 1, value 0x02
IN  port 0x03F4, size 1, value 0x80
IN  port 0x0061, size 1, value 0x41
OUT port 0x0061, size 1, value 0x41
OUT port 0x000C, size 1, value 0x46
OUT port 0x000B, size 1, value 0x46
OUT port 0x0005, size 1, value 0xFF
OUT port 0x0005, size 1, value 0x11
OUT port 0x0004, size 1, value 0x00
OUT port 0x0004, size 1, value 0x07
OUT port 0x0081, size 1, value 0x00
OUT port 0x000A, size 1, value 0x02
IN  port 0x03F4, size 1, value 0x80
IN  port 0x03F4, size 1, value 0x80
OUT port 0x03F5, size 1, value 0x0F
IN  port 0x03F4, size 1, value 0x90
IN  port 0x03F4, size 1, value 0x90
OUT port 0x03F5, size 1, value 0x00
IN  port 0x03F4, size 1, value 0x90
IN  port 0x03F4, size 1, value 0x90
OUT port 0x03F5, size 1, value 0x01
OUT port 0x0020, size 1, value 0x20
IN  port 0x03F4, size 1, value 0x81
IN  port 0x03F4, size 1, value 0x81
OUT port 0x03F5, size 1, value 0x08
IN  port 0x03F4, size 1, value 0xD1
IN  port 0x03F4, size 1, value 0xD1
IN  port 0x03F5, size 1, value 0x20
IN  port 0x03F4, size 1, value 0xD0
IN  port 0x03F4, size 1, value 0xD0
IN  port 0x03F5, size 1, value 0x01
IN  port 0x03F4, size 1, value 0x80
OUT port 0x0020, size 1, value 0x20
IN  port 0x03F4, size 1, value 0x80
IN  port 0x03F4, size 1, value 0x80
OUT port 0x03F5, size 1, value 0xE6
IN  port 0x03F4, size 1, value 0x90
IN  port 0x03F4, size 1, value 0x90
OUT port 0x03F5, size 1, value 0x00
IN  port 0x03F4, size 1, value 0x90
IN  port 0x03F4, size 1, value 0x90
OUT port 0x03F5, size 1, value 0x01
IN  port 0x03F4, size 1, value 0x90
IN  port 0x03F4, size 1, value 0x90
OUT port 0x03F5, size 1, value 0x00
IN  port 0x03F4, size 1, value 0x90
IN  port 0x03F4, size 1, value 0x90
OUT port 0x03F5, size 1, value 0x01
IN  port 0x03F4, size 1, value 0x90
IN  port 0x03F4, size 1, value 0x90
OUT port 0x03F5, size 1, value 0x02
IN  port 0x03F4, size 1, value 0x90
IN  port 0x03F4, size 1, value 0x90
OUT port 0x03F5, size 1, value 0x09
IN  port 0x03F4, size 1, value 0x90
IN  port 0x03F4, size 1, value 0x90
OUT port 0x03F5, size 1, value 0x2A
IN  port 0x03F4, size 1, value 0x90
IN  port 0x03F4, size 1, value 0x90
OUT port 0x03F5, size 1, value 0xFF
OUT port 0x0020, size 1, value 0x20
OUT port 0x0020, size 1, value 0x20
OUT port 0x0020, size 1, value 0x20
OUT port 0x0020, size 1, value 0x20
OUT port 0x0020, size 1, value 0x20
IN  port 0x03F4, size 1, value 0xD0
IN  port 0x03F4, size 1, value 0xD0
IN  port 0x03F5, size 1, value 0x04
IN  port 0x03F4, size 1, value 0xD0
IN  port 0x03F4, size 1, value 0xD0
IN  port 0x03F5, size 1, value 0x00
IN  port 0x03F4, size 1, value 0xD0
IN  port 0x03F4, size 1, value 0xD0
IN  port 0x03F5, size 1, value 0x00
IN  port 0x03F4, size 1, value 0xD0
IN  port 0x03F4, size 1, value 0xD0
IN  port 0x03F5, size 1, value 0x01
IN  port 0x03F4, size 1, value 0xD0
IN  port 0x03F4, size 1, value 0xD0
IN  port 0x03F5, size 1, value 0x01
IN  port 0x03F4, size 1, value 0xD0
IN  port 0x03F4, size 1, value 0xD0
IN  port 0x03F5, size 1, value 0x01
IN  port 0x03F4, size 1, value 0xD0
IN  port 0x03F4, size 1, value 0xD0
IN  port 0x03F5, size 1, value 0x02
IN  port 0x03F4, size 1, value 0x80
IN  port 0x0061, size 1, value 0x41
OUT port 0x0061, size 1, value 0x41
OUT port 0x000C, size 1, value 0x46
OUT port 0x000B, size 1, value 0x46
OUT port 0x0005, size 1, value 0xFF
OUT port 0x0005, size 1, value 0x11
OUT port 0x0004, size 1, value 0x00
OUT port 0x0004, size 1, value 0x19
OUT port 0x0081, size 1, value 0x00
OUT port 0x000A, size 1, value 0x02
IN  port 0x03F4, size 1, value 0x80
IN  port 0x03F4, size 1, value 0x80
OUT port 0x03F5, size 1, value 0x0F
IN  port 0x03F4, size 1, value 0x90
IN  port 0x03F4, size 1, value 0x90
OUT port 0x03F5, size 1, value 0x00
IN  port 0x03F4, size 1, value 0x90
IN  port 0x03F4, size 1, value 0x90
OUT port 0x03F5, size 1, value 0x02
OUT port 0x0020, size 1, value 0x20
IN  port 0x03F4, size 1, value 0x81
IN  port 0x03F4, size 1, value 0x81
OUT port 0x03F5, size 1, value 0x08
IN  port 0x03F4, size 1, value 0xD1
IN  port 0x03F4, size 1, value 0xD1
IN  port 0x03F5, size 1, value 0x20
IN  port 0x03F4, size 1, value 0xD0
IN  port 0x03F4, size 1, value 0xD0
IN  port 0x03F5, size 1, value 0x02
IN  port 0x03F4, size 1, value 0x80
IN  port 0x03F4, size 1, value 0x80
IN  port 0x03F4, size 1, value 0x80
OUT port 0x03F5, size 1, value 0xE6
IN  port 0x03F4, size 1, value 0x90
IN  port 0x03F4, size 1, value 0x90
OUT port 0x03F5, size 1, value 0x00
IN  port 0x03F4, size 1, value 0x90
IN  port 0x03F4, size 1, value 0x90
OUT port 0x03F5, size 1, value 0x02
IN  port 0x03F4, size 1, value 0x90
IN  port 0x03F4, size 1, value 0x90
OUT port 0x03F5, size 1, value 0x00
IN  port 0x03F4, size 1, value 0x90
IN  port 0x03F4, size 1, value 0x90
OUT port 0x03F5, size 1, value 0x01
IN  port 0x03F4, size 1, value 0x90
IN  port 0x03F4, size 1, value 0x90
OUT port 0x03F5, size 1, value 0x02
IN  port 0x03F4, size 1, value 0x90
IN  port 0x03F4, size 1, value 0x90
OUT port 0x03F5, size 1, value 0x09
IN  port 0x03F4, size 1, value 0x90
IN  port 0x03F4, size 1, value 0x90
OUT port 0x03F5, size 1, value 0x2A
IN  port 0x03F4, size 1, value 0x90
IN  port 0x03F4, size 1, value 0x90
OUT port 0x03F5, size 1, value 0xFF
OUT port 0x0020, size 1, value 0x20
OUT port 0x0020, size 1, value 0x20
OUT port 0x0020, size 1, value 0x20
OUT port 0x0020, size 1, value 0x20
IN  port 0x03F4, size 1, value 0xD0
IN  port 0x03F4, size 1, value 0xD0
IN  port 0x03F5, size 1, value 0x04
IN  port 0x03F4, size 1, value 0xD0
IN  port 0x03F4, size 1, value 0xD0
IN  port 0x03F5, size 1, value 0x00
IN  port 0x03F4, size 1, value 0xD0
IN  port 0x03F4, size 1, value 0xD0
IN  port 0x03F5, size 1, value 0x00
IN  port 0x03F4, size 1, value 0xD0
IN  port 0x03F4, size 1, value 0xD0
IN  port 0x03F5, size 1, value 0x02
IN  port 0x03F4, size 1, value 0xD0
IN  port 0x03F4, size 1, value 0xD0
IN  port 0x03F5, size 1, value 0x01
IN  port 0x03F4, size 1, value 0xD0
IN  port 0x03F4, size 1, value 0xD0
IN  port 0x03F5, size 1, value 0x01
IN  port 0x03F4, size 1, value 0xD0
IN  port 0x03F4, size 1, value 0xD0
IN  port 0x03F5, size 1, value 0x02
IN  port 0x03F4, size 1, value 0x80
OUT port 0x0020, size 1, value 0x20
OUT port 0x02FB, size 1, value 0x80
OUT port 0x02F9, size 1, value 0x00
OUT port 0x02F8, size 1, value 0x30
OUT port 0x02FB, size 1, value 0x03
OUT port 0x02F9, size 1, value 0x00
IN  port 0x02FD, size 1, value 0x20
IN  port 0x02FE, size 1, value 0x00
OUT port 0x03FB, size 1, value 0x80
OUT port 0x03F9, size 1, value 0x00
OUT port 0x03F8, size 1, value 0x30
OUT port 0x03FB, size 1, value 0x03
OUT port 0x03F9, size 1, value 0x00
IN  port 0x03FD, size 1, value 0x20
IN  port 0x03FE, size 1, value 0x00
IN  port 0x0061, size 1, value 0x41
OUT port 0x0061, size 1, value 0x41
IN  port 0x0061, size 1, value 0x41
OUT port 0x0061, size 1, value 0x41
OUT port 0x000C, size 1, value 0x46
OUT port 0x000B, size 1, value 0x46
OUT port 0x0005, size 1, value 0xFF
OUT port 0x0005, size 1, value 0x01
OUT port 0x0004, size 1, value 0x00
OUT port 0x0004, size 1, value 0x7C
OUT port 0x0081, size 1, value 0x00
OUT port 0x000A, size 1, value 0x02
IN  port 0x03F4, size 1, value 0x80
IN  port 0x03F4, size 1, value 0x80
OUT port 0x03F5, size 1, value 0x0F
IN  port 0x03F4, size 1, value 0x90
IN  port 0x03F4, size 1, value 0x90
OUT port 0x03F5, size 1, value 0x00
IN  port 0x03F4, size 1, value 0x90
IN  port 0x03F4, size 1, value 0x90
OUT port 0x03F5, size 1, value 0x00
OUT port 0x0020, size 1, value 0x20
IN  port 0x03F4, size 1, value 0x81
IN  port 0x03F4, size 1, value 0x81
OUT port 0x03F5, size 1, value 0x08
IN  port 0x03F4, size 1, value 0xD1
IN  port 0x03F4, size 1, value 0xD1
IN  port 0x03F5, size 1, value 0x20
IN  port 0x03F4, size 1, value 0xD0
IN  port 0x03F4, size 1, value 0xD0
IN  port 0x03F5, size 1, value 0x00
IN  port 0x03F4, size 1, value 0x80
IN  port 0x03F4, size 1, value 0x80
IN  port 0x03F4, size 1, value 0x80
OUT port 0x03F5, size 1, value 0xE6
OUT port 0x0020, size 1, value 0x20
IN  port 0x03F4, size 1, value 0x90
IN  port 0x03F4, size 1, value 0x90
OUT port 0x03F5, size 1, value 0x00
IN  port 0x03F4, size 1, value 0x90
IN  port 0x03F4, size 1, value 0x90
OUT port 0x03F5, size 1, value 0x00
IN  port 0x03F4, size 1, value 0x90
IN  port 0x03F4, size 1, value 0x90
OUT port 0x03F5, size 1, value 0x00
IN  port 0x03F4, size 1, value 0x90
IN  port 0x03F4, size 1, value 0x90
OUT port 0x03F5, size 1, value 0x02
IN  port 0x03F4, size 1, value 0x90
IN  port 0x03F4, size 1, value 0x90
OUT port 0x03F5, size 1, value 0x02
IN  port 0x03F4, size 1, value 0x90
IN  port 0x03F4, size 1, value 0x90
OUT port 0x03F5, size 1, value 0x09
IN  port 0x03F4, size 1, value 0x90
IN  port 0x03F4, size 1, value 0x90
OUT port 0x03F5, size 1, value 0x2A
IN  port 0x03F4, size 1, value 0x90
IN  port 0x03F4, size 1, value 0x90
OUT port 0x03F5, size 1, value 0xFF
OUT port 0x0020, size 1, value 0x20
IN  port 0x03F4, size 1, value 0xD0
IN  port 0x03F4, size 1, value 0xD0
IN  port 0x03F5, size 1, value 0x00
IN  port 0x03F4, size 1, value 0xD0
IN  port 0x03F4, size 1, value 0xD0
IN  port 0x03F5, size 1, value 0x00
IN  port 0x03F4, size 1, value 0xD0
IN  port 0x03F4, size 1, value 0xD0
IN  port 0x03F5, size 1, value 0x00
IN  port 0x03F4, size 1, value 0xD0
IN  port 0x03F4, size 1, value 0xD0
IN  port 0x03F5, size 1, value 0x00
IN  port 0x03F4, size 1, value 0xD0
IN  port 0x03F4, size 1, value 0xD0
IN  port 0x03F5, size 1, value 0x00
IN  port 0x03F4, size 1, value 0xD0
IN  port 0x03F4, size 1, value 0xD0
IN  port 0x03F5, size 1, value 0x03
IN  port 0x03F4, size 1, value 0xD0
IN  port 0x03F4, size 1, value 0xD0
IN  port 0x03F5, size 1, value 0x02
IN  port 0x03F4, size 1, value 0x80
IN  port 0x0061, size 1, value 0x41
OUT port 0x0061, size 1, value 0x41
OUT port 0x000C, size 1, value 0x46
OUT port 0x000B, size 1, value 0x46
OUT port 0x0005, size 1, value 0xFF
OUT port 0x0005, size 1, value 0x0F
OUT port 0x0004, size 1, value 0xB0
OUT port 0x0004, size 1, value 0x21
OUT port 0x0081, size 1, value 0x00
OUT port 0x000A, size 1, value 0x02
IN  port 0x03F4, size 1, value 0x80
IN  port 0x03F4, size 1, value 0x80
OUT port 0x03F5, size 1, value 0x0F
IN  port 0x03F4, size 1, value 0x90
IN  port 0x03F4, size 1, value 0x90
OUT port 0x03F5, size 1, value 0x00
IN  port 0x03F4, size 1, value 0x90
IN  port 0x03F4, size 1, value 0x90
OUT port 0x03F5, size 1, value 0x02
OUT port 0x0020, size 1, value 0x20
IN  port 0x03F4, size 1, value 0x81
IN  port 0x03F4, size 1, value 0x81
OUT port 0x03F5, size 1, value 0x08
IN  port 0x03F4, size 1, value 0xD1
IN  port 0x03F4, size 1, value 0xD1
IN  port 0x03F5, size 1, value 0x20
IN  port 0x03F4, size 1, value 0xD0
IN  port 0x03F4, size 1, value 0xD0
IN  port 0x03F5, size 1, value 0x02
IN  port 0x03F4, size 1, value 0x80
IN  port 0x03F4, size 1, value 0x80
IN  port 0x03F4, size 1, value 0x80
OUT port 0x03F5, size 1, value 0xE6
IN  port 0x03F4, size 1, value 0x90
IN  port 0x03F4, size 1, value 0x90
OUT port 0x03F5, size 1, value 0x00
IN  port 0x03F4, size 1, value 0x90
IN  port 0x03F4, size 1, value 0x90
OUT port 0x03F5, size 1, value 0x02
IN  port 0x03F4, size 1, value 0x90
IN  port 0x03F4, size 1, value 0x90
OUT port 0x03F5, size 1, value 0x00
IN  port 0x03F4, size 1, value 0x90
IN  port 0x03F4, size 1, value 0x90
OUT port 0x03F5, size 1, value 0x02
IN  port 0x03F4, size 1, value 0x90
IN  port 0x03F4, size 1, value 0x90
OUT port 0x03F5, size 1, value 0x02
IN  port 0x03F4, size 1, value 0x90
IN  port 0x03F4, size 1, value 0x90
OUT port 0x03F5, size 1, value 0x09
IN  port 0x03F4, size 1, value 0x90
IN  port 0x03F4, size 1, value 0x90
OUT port 0x03F5, size 1, value 0x2A
IN  port 0x03F4, size 1, value 0x90
IN  port 0x03F4, size 1, value 0x90
OUT port 0x03F5, size 1, value 0xFF
OUT port 0x0020, size 1, value 0x20
OUT port 0x0020, size 1, value 0x20
OUT port 0x0020, size 1, value 0x20
OUT port 0x0020, size 1, value 0x20
OUT port 0x0020, size 1, value 0x20
OUT port 0x0020, size 1, value 0x20
IN  port 0x03F4, size 1, value 0xD0
IN  port 0x03F4, size 1, value 0xD0
IN  port 0x03F5, size 1, value 0x04
IN  port 0x03F4, size 1, value 0xD0
IN  port 0x03F4, size 1, value 0xD0
OUT port 0x0020, size 1, value 0x20
IN  port 0x03F5, size 1, value 0x00
IN  port 0x03F4, size 1, value 0xD0
IN  port 0x03F4, size 1, value 0xD0
IN  port 0x03F5, size 1, value 0x00
IN  port 0x03F4, size 1, value 0xD0
IN  port 0x03F4, size 1, value 0xD0
IN  port 0x03F5, size 1, value 0x02
IN  port 0x03F4, size 1, value 0xD0
IN  port 0x03F4, size 1, value 0xD0
IN  port 0x03F5, size 1, value 0x01
IN  port 0x03F4, size 1, value 0xD0
IN  port 0x03F4, size 1, value 0xD0
IN  port 0x03F5, size 1, value 0x01
IN  port 0x03F4, size 1, value 0xD0
IN  port 0x03F4, size 1, value 0xD0
IN  port 0x03F5, size 1, value 0x02
IN  port 0x03F4, size 1, value 0x80
IN  port 0x0061, size 1, value 0x41
OUT port 0x0061, size 1, value 0x41
OUT port 0x000C, size 1, value 0x46
OUT port 0x000B, size 1, value 0x46
OUT port 0x0005, size 1, value 0xFF
OUT port 0x0005, size 1, value 0x11
OUT port 0x0004, size 1, value 0xB0
OUT port 0x0004, size 1, value 0x31
OUT port 0x0081, size 1, value 0x00
OUT port 0x000A, size 1, value 0x02
IN  port 0x03F4, size 1, value 0x80
IN  port 0x03F4, size 1, value 0x80
OUT port 0x03F5, size 1, value 0x0F
IN  port 0x03F4, size 1, value 0x90
IN  port 0x03F4, size 1, value 0x90
OUT port 0x03F5, size 1, value 0x00
IN  port 0x03F4, size 1, value 0x90
IN  port 0x03F4, size 1, value 0x90
OUT port 0x03F5, size 1, value 0x03
OUT port 0x0020, size 1, value 0x20
IN  port 0x03F4, size 1, value 0x81
IN  port 0x03F4, size 1, value 0x81
OUT port 0x03F5, size 1, value 0x08
IN  port 0x03F4, size 1, value 0xD1
IN  port 0x03F4, size 1, value 0xD1
IN  port 0x03F5, size 1, value 0x20
IN  port 0x03F4, size 1, value 0xD0
IN  port 0x03F4, size 1, value 0xD0
IN  port 0x03F5, size 1, value 0x03
IN  port 0x03F4, size 1, value 0x80
IN  port 0x03F4, size 1, value 0x80
IN  port 0x03F4, size 1, value 0x80
OUT port 0x03F5, size 1, value 0xE6
IN  port 0x03F4, size 1, value 0x90
IN  port 0x03F4, size 1, value 0x90
OUT port 0x03F5, size 1, value 0x00
IN  port 0x03F4, size 1, value 0x90
IN  port 0x03F4, size 1, value 0x90
OUT port 0x03F5, size 1, value 0x03
IN  port 0x03F4, size 1, value 0x90
IN  port 0x03F4, size 1, value 0x90
OUT port 0x03F5, size 1, value 0x00
IN  port 0x03F4, size 1, value 0x90
IN  port 0x03F4, size 1, value 0x90
OUT port 0x03F5, size 1, value 0x01
IN  port 0x03F4, size 1, value 0x90
IN  port 0x03F4, size 1, value 0x90
OUT port 0x03F5, size 1, value 0x02
IN  port 0x03F4, size 1, value 0x90
IN  port 0x03F4, size 1, value 0x90
OUT port 0x03F5, size 1, value 0x09
IN  port 0x03F4, size 1, value 0x90
IN  port 0x03F4, size 1, value 0x90
OUT port 0x03F5, size 1, value 0x2A
IN  port 0x03F4, size 1, value 0x90
IN  port 0x03F4, size 1, value 0x90
OUT port 0x03F5, size 1, value 0xFF
OUT port 0x0020, size 1, value 0x20
OUT port 0x0020, size 1, value 0x20
OUT port 0x0020, size 1, value 0x20
OUT port 0x0020, size 1, value 0x20
IN  port 0x03F4, size 1, value 0xD0
IN  port 0x03F4, size 1, value 0xD0
IN  port 0x03F5, size 1, value 0x04
IN  port 0x03F4, size 1, value 0xD0
IN  port 0x03F4, size 1, value 0xD0
IN  port 0x03F5, size 1, value 0x00
IN  port 0x03F4, size 1, value 0xD0
IN  port 0x03F4, size 1, value 0xD0
IN  port 0x03F5, size 1, value 0x00
IN  port 0x03F4, size 1, value 0xD0
IN  port 0x03F4, size 1, value 0xD0
IN  port 0x03F5, size 1, value 0x03
IN  port 0x03F4, size 1, value 0xD0
IN  port 0x03F4, size 1, value 0xD0
IN  port 0x03F5, size 1, value 0x01
IN  port 0x03F4, size 1, value 0xD0
IN  port 0x03F4, size 1, value 0xD0
IN  port 0x03F5, size 1, value 0x01
IN  port 0x03F4, size 1, value 0xD0
IN  port 0x03F4, size 1, value 0xD0
IN  port 0x03F5, size 1, value 0x02
IN  port 0x03F4, size 1, value 0x80
IN  port 0x0061, size 1, value 0x41
OUT port 0x0061, size 1, value 0x41
OUT port 0x000C, size 1, value 0x46
OUT port 0x000B, size 1, value 0x46
OUT port 0x0005, size 1, value 0xFF
OUT port 0x0005, size 1, value 0x11
OUT port 0x0004, size 1, value 0xB0
OUT port 0x0004, size 1, value 0x43
OUT port 0x0081, size 1, value 0x00
OUT port 0x000A, size 1, value 0x02
IN  port 0x03F4, size 1, value 0x80
IN  port 0x03F4, size 1, value 0x80
OUT port 0x03F5, size 1, value 0x0F
IN  port 0x03F4, size 1, value 0x90
IN  port 0x03F4, size 1, value 0x90
OUT port 0x03F5, size 1, value 0x00
IN  port 0x03F4, size 1, value 0x90
IN  port 0x03F4, size 1, value 0x90
OUT port 0x03F5, size 1, value 0x04
OUT port 0x0020, size 1, value 0x20
IN  port 0x03F4, size 1, value 0x81
IN  port 0x03F4, size 1, value 0x81
OUT port 0x03F5, size 1, value 0x08
IN  port 0x03F4, size 1, value 0xD1
IN  port 0x03F4, size 1, value 0xD1
IN  port 0x03F5, size 1, value 0x20
IN  port 0x03F4, size 1, value 0xD0
IN  port 0x03F4, size 1, value 0xD0
IN  port 0x03F5, size 1, value 0x04
IN  port 0x03F4, size 1, value 0x80
IN  port 0x03F4, size 1, value 0x80
IN  port 0x03F4, size 1, value 0x80
OUT port 0x03F5, size 1, value 0xE6
IN  port 0x03F4, size 1, value 0x90
IN  port 0x03F4, size 1, value 0x90
OUT port 0x03F5, size 1, value 0x00
IN  port 0x03F4, size 1, value 0x90
IN  port 0x03F4, size 1, value 0x90
OUT port 0x03F5, size 1, value 0x04
IN  port 0x03F4, size 1, value 0x90
IN  port 0x03F4, size 1, value 0x90
OUT port 0x03F5, size 1, value 0x00
IN  port 0x03F4, size 1, value 0x90
IN  port 0x03F4, size 1, value 0x90
OUT port 0x03F5, size 1, value 0x01
IN  port 0x03F4, size 1, value 0x90
IN  port 0x03F4, size 1, value 0x90
OUT port 0x03F5, size 1, value 0x02
IN  port 0x03F4, size 1, value 0x90
IN  port 0x03F4, size 1, value 0x90
OUT port 0x03F5, size 1, value 0x09
IN  port 0x03F4, size 1, value 0x90
IN  port 0x03F4, size 1, value 0x90
OUT port 0x03F5, size 1, value 0x2A
IN  port 0x03F4, size 1, value 0x90
IN  port 0x03F4, size 1, value 0x90
OUT port 0x03F5, size 1, value 0xFF
OUT port 0x0020, size 1, value 0x20
OUT port 0x0020, size 1, value 0x20
OUT port 0x0020, size 1, value 0x20
OUT port 0x0020, size 1, value 0x20
IN  port 0x03F4, size 1, value 0xD0
IN  port 0x03F4, size 1, value 0xD0
IN  port 0x03F5, size 1, value 0x04
IN  port 0x03F4, size 1, value 0xD0
IN  port 0x03F4, size 1, value 0xD0
IN  port 0x03F5, size 1, value 0x00
IN  port 0x03F4, size 1, value 0xD0
IN  port 0x03F4, size 1, value 0xD0
IN  port 0x03F5, size 1, value 0x00
IN  port 0x03F4, size 1, value 0xD0
IN  port 0x03F4, size 1, value 0xD0
IN  port 0x03F5, size 1, value 0x04
IN  port 0x03F4, size 1, value 0xD0
IN  port 0x03F4, size 1, value 0xD0
IN  port 0x03F5, size 1, value 0x01
IN  port 0x03F4, size 1, value 0xD0
IN  port 0x03F4, size 1, value 0xD0
IN  port 0x03F5, size 1, value 0x01
IN  port 0x03F4, size 1, value 0xD0
IN  port 0x03F4, size 1, value 0xD0
IN  port 0x03F5, size 1, value 0x02
IN  port 0x03F4, size 1, value 0x80
IN  port 0x0061, size 1, value 0x41
OUT port 0x0061, size 1, value 0x41
OUT port 0x000C, size 1, value 0x46
OUT port 0x000B, size 1, value 0x46
OUT port 0x0005, size 1, value 0xFF
OUT port 0x0005, size 1, value 0x0F
OUT port 0x0004, size 1, value 0xB0
OUT port 0x0004, size 1, value 0x55
OUT port 0x0081, size 1, value 0x00
OUT port 0x000A, size 1, value 0x02
IN  port 0x03F4, size 1, value 0x80
IN  port 0x03F4, size 1, value 0x80
OUT port 0x03F5, size 1, value 0x0F
IN  port 0x03F4, size 1, value 0x90
IN  port 0x03F4, size 1, value 0x90
OUT port 0x03F5, size 1, value 0x00
IN  port 0x03F4, size 1, value 0x90
IN  port 0x03F4, size 1, value 0x90
OUT port 0x03F5, size 1, value 0x05
OUT port 0x0020, size 1, value 0x20
IN  port 0x03F4, size 1, value 0x81
IN  port 0x03F4, size 1, value 0x81
OUT port 0x03F5, size 1, value 0x08
IN  port 0x03F4, size 1, value 0xD1
IN  port 0x03F4, size 1, value 0xD1
IN  port 0x03F5, size 1, value 0x20
IN  port 0x03F4, size 1, value 0xD0
IN  port 0x03F4, size 1, value 0xD0
IN  port 0x03F5, size 1, value 0x05
IN  port 0x03F4, size 1, value 0x80
IN  port 0x03F4, size 1, value 0x80
IN  port 0x03F4, size 1, value 0x80
OUT port 0x03F5, size 1, value 0xE6
IN  port 0x03F4, size 1, value 0x90
IN  port 0x03F4, size 1, value 0x90
OUT port 0x03F5, size 1, value 0x00
IN  port 0x03F4, size 1, value 0x90
IN  port 0x03F4, size 1, value 0x90
OUT port 0x03F5, size 1, value 0x05
IN  port 0x03F4, size 1, value 0x90
IN  port 0x03F4, size 1, value 0x90
OUT port 0x03F5, size 1, value 0x00
IN  port 0x03F4, size 1, value 0x90
IN  port 0x03F4, size 1, value 0x90
OUT port 0x03F5, size 1, value 0x01
IN  port 0x03F4, size 1, value 0x90
IN  port 0x03F4, size 1, value 0x90
OUT port 0x03F5, size 1, value 0x02
IN  port 0x03F4, size 1, value 0x90
IN  port 0x03F4, size 1, value 0x90
OUT port 0x03F5, size 1, value 0x09
IN  port 0x03F4, size 1, value 0x90
IN  port 0x03F4, size 1, value 0x90
OUT port 0x03F5, size 1, value 0x2A
IN  port 0x03F4, size 1, value 0x90
IN  port 0x03F4, size 1, value 0x90
OUT port 0x03F5, size 1, value 0xFF
OUT port 0x0020, size 1, value 0x20
OUT port 0x0020, size 1, value 0x20
OUT port 0x0020, size 1, value 0x20
IN  port 0x03F4, size 1, value 0xD0
IN  port 0x03F4, size 1, value 0xD0
IN  port 0x03F5, size 1, value 0x00
IN  port 0x03F4, size 1, value 0xD0
IN  port 0x03F4, size 1, value 0xD0
IN  port 0x03F5, size 1, value 0x00
IN  port 0x03F4, size 1, value 0xD0
IN  port 0x03F4, size 1, value 0xD0
IN  port 0x03F5, size 1, value 0x00
IN  port 0x03F4, size 1, value 0xD0
IN  port 0x03F4, size 1, value 0xD0
IN  port 0x03F5, size 1, value 0x05
IN  port 0x03F4, size 1, value 0xD0
IN  port 0x03F4, size 1, value 0xD0
IN  port 0x03F5, size 1, value 0x00
IN  port 0x03F4, size 1, value 0xD0
IN  port 0x03F4, size 1, value 0xD0
IN  port 0x03F5, size 1, value 0x09
IN  port 0x03F4, size 1, value 0xD0
IN  port 0x03F4, size 1, value 0xD0
IN  port 0x03F5, size 1, value 0x02
IN  port 0x03F4, size 1, value 0x80
OUT port 0x0020, size 1, value 0x20
IN  port 0x0061, size 1, value 0x41
OUT port 0x0061, size 1, value 0x41
OUT port 0x000C, size 1, value 0x46
OUT port 0x000B, size 1, value 0x46
OUT port 0x0005, size 1, value 0xFF
OUT port 0x0005, size 1, value 0x01
OUT port 0x0004, size 1, value 0xCA
OUT port 0x0004, size 1, value 0x4D
OUT port 0x0081, size 1, value 0x00
OUT port 0x000A, size 1, value 0x02
IN  port 0x03F4, size 1, value 0x80
IN  port 0x03F4, size 1, value 0x80
OUT port 0x03F5, size 1, value 0x0F
IN  port 0x03F4, size 1, value 0x90
IN  port 0x03F4, size 1, value 0x90
OUT port 0x03F5, size 1, value 0x00
IN  port 0x03F4, size 1, value 0x90
IN  port 0x03F4, size 1, value 0x90
OUT port 0x03F5, size 1, value 0x00
OUT port 0x0020, size 1, value 0x20
IN  port 0x03F4, size 1, value 0x81
IN  port 0x03F4, size 1, value 0x81
OUT port 0x03F5, size 1, value 0x08
IN  port 0x03F4, size 1, value 0xD1
IN  port 0x03F4, size 1, value 0xD1
IN  port 0x03F5, size 1, value 0x20
IN  port 0x03F4, size 1, value 0xD0
IN  port 0x03F4, size 1, value 0xD0
IN  port 0x03F5, size 1, value 0x00
IN  port 0x03F4, size 1, value 0x80
IN  port 0x03F4, size 1, value 0x80
IN  port 0x03F4, size 1, value 0x80
OUT port 0x03F5, size 1, value 0xE6
IN  port 0x03F4, size 1, value 0x90
IN  port 0x03F4, size 1, value 0x90
OUT port 0x03F5, size 1, value 0x00
IN  port 0x03F4, size 1, value 0x90
IN  port 0x03F4, size 1, value 0x90
OUT port 0x03F5, size 1, value 0x00
IN  port 0x03F4, size 1, value 0x90
IN  port 0x03F4, size 1, value 0x90
OUT port 0x0020, size 1, value 0x20
OUT port 0x03F5, size 1, value 0x00
IN  port 0x03F4, size 1, value 0x90
IN  port 0x03F4, size 1, value 0x90
OUT port 0x03F5, size 1, value 0x02
IN  port 0x03F4, size 1, value 0x90
IN  port 0x03F4, size 1, value 0x90
OUT port 0x03F5, size 1, value 0x02
IN  port 0x03F4, size 1, value 0x90
IN  port 0x03F4, size 1, value 0x90
OUT port 0x03F5, size 1, value 0x09
IN  port 0x03F4, size 1, value 0x90
IN  port 0x03F4, size 1, value 0x90
OUT port 0x03F5, size 1, value 0x2A
IN  port 0x03F4, size 1, value 0x90
IN  port 0x03F4, size 1, value 0x90
OUT port 0x03F5, size 1, value 0xFF
